scope,split_index,seed,query_set,reference_set,n_queries,median,p90,p95,p99,maximum,fraction_ge_0.70,fraction_ge_0.80,fraction_ge_0.90
per_split,0,42,test,train,2533,0.5333333333333333,0.6486486486486487,0.7242386316228622,0.8378378378378378,0.9767441860465116,0.06553493880773786,0.02368732727990525,0.0011843663639952626
per_split,0,42,test,val,2533,0.4166666666666667,0.6,0.6412191582002903,0.7831547911547908,0.9696969696969697,0.02368732727990525,0.007895775759968417,0.0007895775759968417
per_split,0,42,val,train,2079,0.5384615384615384,0.6842105263157895,0.75,0.849264150943396,0.9767441860465116,0.08513708513708514,0.02405002405002405,0.002886002886002886
per_split,1,43,test,train,2569,0.5405405405405406,0.6666666666666666,0.7441860465116279,0.849358490566038,0.9705882352941176,0.07862981704943557,0.03036200856364344,0.001557026080186843
per_split,1,43,test,val,2569,0.41304347826086957,0.5882352941176471,0.6277245782033744,0.7076923076923086,0.8723404255319149,0.013234721681588166,0.003114052160373686,0.0
per_split,1,43,val,train,1956,0.5348837209302325,0.6666666666666666,0.7393478260869565,0.8392199017199019,0.9772727272727273,0.07822085889570553,0.023517382413087935,0.005112474437627812
per_split,2,44,test,train,2491,0.5384615384615384,0.6666666666666666,0.7478813559322034,0.8540069686411147,0.9333333333333333,0.0762745885186672,0.028502609393817744,0.004415897230028101
per_split,2,44,test,val,2491,0.4153846153846154,0.5909090909090909,0.633739837398374,0.7455882352941172,0.8979591836734694,0.018065034122842234,0.005620232838217583,0.0
per_split,2,44,val,train,1997,0.5365853658536586,0.6976744186046512,0.7592592592592593,0.8542857142857141,0.9772727272727273,0.09814722083124687,0.031547320981472206,0.00400600901352028
per_split,3,45,test,train,2614,0.5398412698412698,0.6808510638297872,0.75,0.85,0.9767441860465116,0.08530986993114001,0.028691660290742157,0.004208110175975516
per_split,3,45,test,val,2614,0.42204861111111114,0.6026415094339632,0.64,0.7797111111111109,0.9772727272727273,0.026778882938026015,0.0076511094108645756,0.0026778882938026014
per_split,3,45,val,train,2082,0.5416666666666666,0.6875,0.7559976009596158,0.8602111111111111,0.972972972972973,0.09125840537944284,0.03266090297790586,0.0009606147934678194
per_split,4,46,test,train,2442,0.5357142857142857,0.6666666666666666,0.7419354838709677,0.8478260869565217,0.9302325581395349,0.07248157248157248,0.02661752661752662,0.000819000819000819
per_split,4,46,test,val,2442,0.42105263157894735,0.5918367346938775,0.6304347826086957,0.7172231337161608,0.9767441860465116,0.012285012285012284,0.0028665028665028664,0.000819000819000819
per_split,4,46,val,train,1957,0.5333333333333333,0.6601509433962265,0.7368421052631579,0.85,0.9767441860465116,0.07153806847215124,0.021972406745017884,0.0015329586101175269
per_split,5,47,test,train,2573,0.5357142857142857,0.6619331195602384,0.7352941176470589,0.8493207547169813,0.9375,0.07073455110765643,0.025262339681305868,0.000777302759424796
per_split,5,47,test,val,2573,0.41509433962264153,0.5907600596125188,0.625,0.7469491525423737,0.88,0.016323357947920714,0.0058297706956859695,0.0
per_split,5,47,val,train,2113,0.5434782608695652,0.6601200686106345,0.7347368421052626,0.8409090909090909,0.972972972972973,0.07477520113582584,0.024609559867486985,0.003786086133459536
per_split,6,48,test,train,2459,0.5348837209302325,0.6666666666666666,0.7541271210813919,0.8583428571428573,0.9767441860465116,0.07645384302562017,0.027653517690117934,0.0061000406669377795
per_split,6,48,test,val,2459,0.4117647058823529,0.5926787252368648,0.627906976744186,0.7240744680851066,0.8857142857142857,0.013826758845058967,0.0032533550223668157,0.0
per_split,6,48,val,train,1997,0.5434782608695652,0.6923076923076923,0.7613272311212811,0.8723404255319149,0.9772727272727273,0.09464196294441662,0.03355032548823235,0.005508262393590386
per_split,7,49,test,train,2605,0.5384615384615384,0.6744186046511628,0.7435897435897436,0.8518203309692671,0.9772727272727273,0.08253358925143954,0.026871401151631478,0.004606525911708253
per_split,7,49,test,val,2605,0.42424242424242425,0.6019047619047616,0.6428571428571429,0.7872340425531915,0.9705882352941176,0.030710172744721688,0.008445297504798464,0.0011516314779270633
per_split,7,49,val,train,2117,0.5333333333333333,0.6481481481481481,0.7167295597484276,0.8269371196754569,0.9767441860465116,0.05951818611242324,0.01747756258856873,0.0004723665564478035
per_split,8,50,test,train,2460,0.5294117647058824,0.6600714285714285,0.7401794871794862,0.8345757575757571,0.9772727272727273,0.07479674796747968,0.021544715447154472,0.0024390243902439024
per_split,8,50,test,val,2460,0.41304347826086957,0.5849056603773585,0.625,0.7490418054014045,0.8837209302325582,0.015853658536585366,0.005284552845528455,0.0
per_split,8,50,val,train,2024,0.5384615384615384,0.6666666666666666,0.7254901960784313,0.8222222222222222,0.9767441860465116,0.06818181818181818,0.016304347826086956,0.0014822134387351778
per_split,9,51,test,train,2518,0.5357142857142857,0.6727272727272727,0.7436791890280263,0.8475418060200668,0.9767441860465116,0.07466243050039714,0.024225575853852262,0.0019857029388403494
per_split,9,51,test,val,2518,0.4223787167449139,0.5949396204715356,0.6285714285714286,0.7492272727272724,0.9767441860465116,0.019857029388403495,0.006751389992057188,0.0003971405877680699
per_split,9,51,val,train,2093,0.5490196078431373,0.6832520325203252,0.7433887043189367,0.8380835380835379,0.9375,0.08361204013377926,0.024366937410415672,0.001433349259436216
per_split,10,52,test,train,2481,0.5384615384615384,0.673469387755102,0.7407407407407407,0.85,0.9767441860465116,0.07577589681580008,0.023377670294236194,0.0028214429665457475
per_split,10,52,test,val,2481,0.4090909090909091,0.5945945945945946,0.6341463414634146,0.7613272311212811,0.9767441860465116,0.017331721080209594,0.0068520757758968156,0.00040306328093510683
per_split,10,52,val,train,1997,0.5416666666666666,0.6795471698113208,0.75,0.8500425531914892,0.9375,0.08412618928392589,0.02553830746119179,0.00100150225338007
per_split,11,53,test,train,2523,0.5348837209302325,0.6519716885743176,0.7289772727272729,0.8325531914893625,0.9767441860465116,0.06619104240982956,0.020214030915576695,0.0035671819262782403
per_split,11,53,test,val,2523,0.41509433962264153,0.5952380952380952,0.6304347826086957,0.7777777777777778,0.8787878787878788,0.01823226317875545,0.0075307173999207295,0.0
per_split,11,53,val,train,2042,0.5413251366120219,0.6904761904761905,0.7630434782608692,0.8518518518518519,0.9696969696969697,0.0920666013712047,0.031341821743388835,0.0014691478942213516
per_split,12,54,test,train,2515,0.5333333333333333,0.6595744680851063,0.7241379310344828,0.8199540983606557,0.972972972972973,0.06640159045725647,0.01749502982107356,0.0011928429423459245
per_split,12,54,test,val,2515,0.42,0.5925925925925926,0.6363636363636364,0.7837780966044959,0.9705882352941176,0.024652087475149104,0.0075546719681908545,0.0011928429423459245
per_split,12,54,val,train,2155,0.5416666666666666,0.6727272727272727,0.751315789473684,0.8548739495798321,0.9767441860465116,0.08074245939675175,0.027842227378190254,0.004640371229698376
per_split,13,55,test,train,2564,0.5416666666666666,0.6768962510897999,0.75,0.8475769230769227,0.9767441860465116,0.08502340093603744,0.02847113884555382,0.0019500780031201249
per_split,13,55,test,val,2564,0.4186046511627907,0.5943412162162165,0.6332312925170067,0.7401683029453012,0.8604651162790697,0.0171606864274571,0.0035101404056162248,0.0
per_split,13,55,val,train,1913,0.525,0.6481481481481481,0.728255528255528,0.8233725490196077,0.9705882352941176,0.06377417668583377,0.017250392054364874,0.0010454783063251437
per_split,14,56,test,train,2447,0.5384615384615384,0.6587583148558759,0.7415770609318995,0.8438431372549019,0.9767441860465116,0.07396812423375562,0.027380465876583573,0.0032693093583980384
per_split,14,56,test,val,2447,0.40384615384615385,0.5833333333333334,0.627906976744186,0.7789777777777778,0.9772727272727273,0.01961585615038823,0.006947282386595832,0.0012259910093992644
per_split,14,56,val,train,1948,0.5348837209302325,0.6666666666666666,0.7412580645161287,0.8415430622009569,0.9302325581395349,0.0728952772073922,0.023613963039014373,0.000513347022587269
per_split,15,57,test,train,2520,0.5409836065573771,0.6585365853658537,0.7291948198198196,0.8376282404853833,0.9767441860465116,0.07222222222222222,0.02023809523809524,0.0011904761904761906
per_split,15,57,test,val,2520,0.4230769230769231,0.6,0.6379310344827587,0.7491949152542371,0.9772727272727273,0.017063492063492062,0.006746031746031746,0.0011904761904761906
per_split,15,57,val,train,2066,0.5384615384615384,0.6590555267254801,0.7364551083591331,0.831028368794326,0.972972972972973,0.07357212003872217,0.022265246853823813,0.000968054211035818
per_split,16,58,test,train,2667,0.5384615384615384,0.6578947368421053,0.7245212765957444,0.8371097628240487,0.9772727272727273,0.07011623547056618,0.019122609673790775,0.0018747656542932134
per_split,16,58,test,val,2667,0.41379310344827586,0.6,0.6363636363636364,0.7467647058823537,0.8837209302325582,0.02249718785151856,0.00562429696287964,0.0
per_split,16,58,val,train,1981,0.5428571428571428,0.6666666666666666,0.7307692307692307,0.8411483253588518,0.90625,0.07168096920747097,0.02170620898536093,0.0010095911155981827
per_split,17,59,test,train,2476,0.5357142857142857,0.6486486486486487,0.7393478260869565,0.8373664362036455,0.9375,0.06987075928917609,0.02382875605815832,0.0004038772213247173
per_split,17,59,test,val,2476,0.4166666666666667,0.6,0.6388888888888888,0.7561827956989247,0.9302325581395349,0.021809369951534735,0.004038772213247173,0.0004038772213247173
per_split,17,59,val,train,2031,0.5384615384615384,0.6829268292682927,0.7525510204081632,0.8473244147157192,0.972972972972973,0.08468734613490891,0.028557360905957656,0.0014771048744460858
per_split,18,60,test,train,2413,0.5277777777777778,0.6666666666666666,0.75,0.853794326241135,0.9375,0.07832573559883962,0.03232490675507667,0.0012432656444260257
per_split,18,60,test,val,2413,0.40625,0.5890756302521011,0.625,0.7222222222222222,0.90625,0.01326150020721094,0.003315375051802735,0.0004144218814753419
per_split,18,60,val,train,1988,0.5339080459770115,0.6724595666768386,0.7391304347826086,0.8407999999999992,0.9767441860465116,0.08148893360160966,0.022132796780684104,0.0025150905432595573
per_split,19,61,test,train,2556,0.5384615384615384,0.6575187969924812,0.7368421052631579,0.8494811320754715,0.9767441860465116,0.07394366197183098,0.023865414710485134,0.0011737089201877935
per_split,19,61,test,val,2556,0.41818181818181815,0.6122448979591837,0.6470588235294118,0.78,0.9767441860465116,0.025039123630672927,0.008607198748043818,0.0011737089201877935
per_split,19,61,val,train,2018,0.5348837209302325,0.6666666666666666,0.7302503052503051,0.8396324324324322,0.9772727272727273,0.0688800792864222,0.019821605550049554,0.003468780971258672
per_split,20,62,test,train,2497,0.5348837209302325,0.6923076923076923,0.7468253968253961,0.8602666666666664,0.972972972972973,0.09171005206247497,0.030837004405286344,0.005206247496996396
per_split,20,62,test,val,2497,0.4166666666666667,0.5964912280701754,0.6304347826086957,0.7420619860847564,0.90625,0.01882258710452543,0.006007208650380457,0.00040048057669203043
per_split,20,62,val,train,2018,0.5384615384615384,0.66,0.7560975609756098,0.841901913875598,0.9302325581395349,0.07383548067393458,0.02626362735381566,0.0009910802775024777
per_split,21,63,test,train,2586,0.5405405405405406,0.6753378378378379,0.7410344827586207,0.8546130952380955,0.9375,0.08081979891724671,0.026295436968290797,0.0027068832173240526
per_split,21,63,test,val,2586,0.4186046511627907,0.5833333333333334,0.6277929776561788,0.7551700680272109,0.8723404255319149,0.01817478731631864,0.005027068832173241,0.0
per_split,21,63,val,train,2059,0.5405405405405406,0.68,0.743649373881932,0.85,0.972972972972973,0.08450704225352113,0.026711996114618747,0.0048567265662943174
per_split,22,64,test,train,2635,0.5333333333333333,0.6666666666666666,0.740222222222222,0.8451652173913032,0.9696969696969697,0.07476280834914611,0.022390891840607212,0.0018975332068311196
per_split,22,64,test,val,2635,0.4186046511627907,0.5973303670745272,0.6388888888888888,0.782608695652174,0.8979591836734694,0.025426944971537004,0.007590132827324478,0.0
per_split,22,64,val,train,2091,0.55,0.6981132075471698,0.7647058823529411,0.8695652173913043,0.9767441860465116,0.09947393591582974,0.03538976566236251,0.006695361071257772
per_split,23,65,test,train,2564,0.5365853658536586,0.65,0.7254166666666666,0.8421052631578947,0.972972972972973,0.06396255850234009,0.021450858034321372,0.0019500780031201249
per_split,23,65,test,val,2564,0.4146341463414634,0.6,0.6363636363636364,0.7518877551020402,0.875,0.02613104524180967,0.00546021840873635,0.0
per_split,23,65,val,train,1985,0.5357142857142857,0.672937062937063,0.7458450046685341,0.8546428571428574,0.9772727272727273,0.07808564231738035,0.024181360201511334,0.004030226700251889
per_split,24,66,test,train,2499,0.5365853658536586,0.6591876208897487,0.7308630393996246,0.8294176207068191,0.925,0.0700280112044818,0.021208483393357343,0.0012004801920768306
per_split,24,66,test,val,2499,0.41818181818181815,0.6035133376707873,0.641208791208791,0.7551219512195121,0.972972972972973,0.023209283713485393,0.006402561024409764,0.00040016006402561027
per_split,24,66,val,train,2017,0.5384615384615384,0.6807272727272728,0.7409796893667859,0.8488597210828547,0.9705882352941176,0.08378780366881507,0.024293505205751114,0.002974714923153198
per_split,25,67,test,train,2522,0.5405405405405406,0.6666666666666666,0.7380952380952381,0.8540599593495934,0.9772727272727273,0.0753370340999207,0.024187153053132435,0.0027755749405233942
per_split,25,67,test,val,2522,0.4166666666666667,0.6,0.64,0.7643808049535603,0.8823529411764706,0.024187153053132435,0.004758128469468675,0.0
per_split,25,67,val,train,2073,0.5384615384615384,0.6740803382663847,0.7548710050057759,0.8394857142857144,0.9767441860465116,0.0824891461649783,0.027496382054992764,0.00241196333815726
per_split,26,68,test,train,2492,0.5384615384615384,0.6718390804597707,0.7450980392156863,0.8539721254355406,0.9767441860465116,0.08025682182985554,0.027287319422150885,0.0020064205457463883
per_split,26,68,test,val,2492,0.4186046511627907,0.59375,0.6336991869918698,0.7730325644504754,0.8979591836734694,0.022873194221508828,0.0072231139646869984,0.0
per_split,26,68,val,train,1938,0.5348837209302325,0.6514661274014155,0.7370300751879697,0.85,0.972972972972973,0.06914344685242518,0.02218782249742002,0.0025799793601651187
per_split,27,69,test,train,2521,0.5384615384615384,0.6724137931034483,0.7441860465116279,0.8631313131313136,0.9767441860465116,0.07893692978976596,0.027370091233637445,0.003966679888932963
per_split,27,69,test,val,2521,0.4146341463414634,0.5873015873015873,0.625,0.7565714285714317,0.925,0.017850059500198336,0.005950019833399445,0.001190003966679889
per_split,27,69,val,train,2075,0.5416666666666666,0.6649350649350655,0.7337414965986394,0.8596190476190453,0.9772727272727273,0.0746987951807229,0.02216867469879518,0.005783132530120482
per_split,28,70,test,train,2568,0.5407620735489589,0.673469387755102,0.7484090909090914,0.8434412955465583,0.925,0.07982866043613707,0.029595015576323987,0.003115264797507788
per_split,28,70,test,val,2568,0.42,0.6052631578947368,0.64,0.770220529270248,0.9705882352941176,0.024143302180685357,0.00661993769470405,0.0027258566978193145
per_split,28,70,val,train,2030,0.53125,0.6538461538461539,0.7294763513513512,0.8414947368421053,0.9767441860465116,0.06847290640394088,0.0187192118226601,0.001477832512315271
per_split,29,71,test,train,2496,0.5384615384615384,0.6730769230769231,0.74,0.85,0.9772727272727273,0.08133012820512821,0.024839743589743588,0.003605769230769231
per_split,29,71,test,val,2496,0.41025641025641024,0.5833333333333334,0.6288359788359789,0.7408831908831913,0.972972972972973,0.014423076923076924,0.005208333333333333,0.0008012820512820513
per_split,29,71,val,train,2011,0.5333333333333333,0.6666666666666666,0.728219696969697,0.8461538461538461,0.90625,0.0676280457483839,0.02138239681750373,0.0004972650422675286
all_molecules_pooled,,,test,train,75806,0.5370370370370371,0.6666666666666666,0.74,0.8490566037735849,0.9772727272727273,0.0755481096483128,0.025156320080204735,0.0025063979104556367
all_molecules_pooled,,,test,val,75806,0.4166666666666667,0.5952380952380952,0.6341463414634146,0.7608695652173914,0.9772727272727273,0.02014352425929346,0.0059362055773949296,0.0005804289897897264
all_molecules_pooled,,,val,train,60851,0.5384615384615384,0.6727272727272727,0.7435897435897436,0.85,0.9772727272727273,0.07876616653793693,0.02466680909105849,0.0025965062201114197
