ligand_id,model,y_true,y_pred
36,BBB pass,3.594278505,3.3725212916779665
46,BBB pass,3.719836565,3.789482226321419
50,BBB pass,1.380598315,3.2513333087763745
51,BBB pass,3.751974994,3.3468940158844918
52,BBB pass,3.641734078,3.617717738845141
67,BBB pass,2.658368945,2.363982291358671
68,BBB pass,3.107799938,3.344250729024617
80,BBB pass,3.626219292,4.0440851141984036
91,BBB pass,4.177123902,3.7366103161779836
130,BBB pass,4.158646853,4.047650955989061
134,BBB pass,3.937195421,3.898038188469953
142,BBB pass,3.96442747,3.8837255653683664
196,BBB pass,4.154926917,3.9171065594511387
206,BBB pass,3.999037282,3.8856207799546274
219,BBB pass,3.907297875,3.785462651672711
225,BBB pass,3.01484243,3.4082563799141847
265,BBB pass,3.879416447,3.924542806344947
266,BBB pass,3.325555342,3.3534807575229078
288,BBB pass,3.723110042,3.907912931236683
298,BBB pass,3.870551118,3.670196298161428
310,BBB pass,4.169444125,3.99965915304438
313,BBB pass,3.905192767,3.789874707829057
323,BBB pass,3.667299551,3.7549477817227728
350,BBB pass,3.931892225,4.037568525616472
361,BBB pass,4.080096324,3.9754741202544563
362,BBB pass,3.839182265,3.8128708782641967
370,BBB pass,3.952030378,3.925683014806227
376,BBB pass,3.522264606,4.003463021582891
388,BBB pass,3.236132011,3.419437736627352
389,BBB pass,3.692363906,3.916464642414275
395,BBB pass,3.681693214,3.892644791968002
399,BBB pass,3.039942171,3.2214145323545074
417,BBB pass,3.756637342,3.4177456123398122
437,BBB pass,4.055811039,3.969139258493337
449,BBB pass,6.170365184,5.214936832611116
463,BBB pass,4.231604131,3.6768770212546493
477,BBB pass,2.794535228,2.8619924180648018
479,BBB pass,3.685979528,3.9353566443193015
480,BBB pass,2.632078148,2.9074580910164443
525,BBB pass,4.817161221,4.120598377324588
527,BBB pass,3.549415702,3.71142889053811
531,BBB pass,2.863459321,3.107868090443019
546,BBB pass,3.498861689,2.7846917533503444
554,BBB pass,2.723734902,3.3914675231700735
559,BBB pass,4.145537126,4.104123560073212
564,BBB pass,4.027748474,3.3467703936001882
567,BBB pass,2.870153628,4.038395358142052
608,BBB pass,3.227709579,3.402293861532202
623,BBB pass,3.560809635,3.7351112515343794
643,BBB pass,3.385689088,3.272194402323422
649,BBB pass,3.634507081,3.387161673687387
658,BBB pass,3.93981481,3.6129078517323565
679,BBB pass,4.2491762,3.8567015773690367
695,BBB pass,1.937269778,3.334710740861537
706,BBB pass,3.560809635,3.402330056367873
710,BBB pass,1.957926387,2.4860290021977254
734,BBB pass,2.02926158,2.281808206045138
746,BBB pass,2.892629127,3.2532573022512516
782,BBB pass,3.715635708,3.8834003700412687
796,BBB pass,2.995720485,3.0099246039709326
797,BBB pass,3.01755561,2.946955113831892
802,BBB pass,3.660618188,3.5421008052741354
803,BBB pass,2.798347722,2.8743420995140725
825,BBB pass,3.986763339,3.2460080158055513
831,BBB pass,4.000506382,3.4077813414299984
832,BBB pass,3.273158748,3.4001151489685975
834,BBB pass,5.348949078,4.241086309975841
840,BBB pass,3.906360086,3.7925559540639195
847,BBB pass,1.385602184,2.8924081603322107
855,BBB pass,3.22922379,4.142150973678235
858,BBB pass,1.826593477,3.093592016907461
861,BBB pass,1.682996653,2.8975341499950393
863,BBB pass,2.159892482,2.717462959498271
864,BBB pass,2.602229333,2.672898520846305
871,BBB pass,3.445095558,3.8336549227040657
873,BBB pass,3.604334073,3.7065675896192505
875,BBB pass,4.031066771,2.664292406210982
910,BBB pass,3.041879349,2.9985495890667364
922,BBB pass,2.879077951,3.0171084656732674
925,BBB pass,4.260496228,3.661528054607111
926,BBB pass,3.286117255,3.6202293411801882
927,BBB pass,3.748744111,3.7844833016679407
928,BBB pass,4.532104361,3.7234822659280242
929,BBB pass,2.946637821,3.2492293383726416
934,BBB pass,1.329574138,2.560147763526558
940,BBB pass,3.336495757,2.90172239575815
946,BBB pass,3.037437565,3.40070881583428
949,BBB pass,3.279406837,3.889378950977066
951,BBB pass,3.108893739,3.2720757152981994
954,BBB pass,3.216432763,3.4005700979866207
955,BBB pass,3.673882844,3.148452194204268
968,BBB pass,3.037430925,2.5843122766528728
990,BBB pass,6.716420734,3.6282920785989896
991,BBB pass,3.314560273,3.458061286725793
994,BBB pass,3.658939331,3.7098867699445996
999,BBB pass,4.458336346,4.015646589670957
1001,BBB pass,2.960227585,3.4054212545271194
1002,BBB pass,3.7155333,3.3974345415629923
1012,BBB pass,2.924052314,3.3357200094193944
1020,BBB pass,2.601386302,2.512620156811148
1021,BBB pass,3.305673746,3.2011754226427978
1025,BBB pass,2.806089487,2.237677058615053
1042,BBB pass,3.230181089,3.5461012348721517
1045,BBB pass,3.246045339,3.3557027421775087
1060,BBB pass,2.733308865,2.8272625932244253
1066,BBB pass,2.208907496,3.1730389154053493
1070,BBB pass,3.106968628,2.5624586396367075
1085,BBB pass,2.769631356,3.232218221484523
1101,BBB pass,3.183129011,3.331316585175701
1108,BBB pass,2.946637821,3.250682717792527
1112,BBB pass,2.909523343,2.893381270602135
1120,BBB pass,3.258086794,3.1928464498632247
1126,BBB pass,2.416848453,2.556889791856798
1132,BBB pass,2.882024625,3.0304101810565665
1139,BBB pass,2.809963522,2.7756900591821383
1143,BBB pass,3.862392573,3.969383836039068
1144,BBB pass,3.757126755,4.181176611781981
1150,BBB pass,1.755294236,3.372764831427042
1178,BBB pass,1.904617329,2.7266378765640007
1200,BBB pass,3.079802084,3.2242934391601272
1205,BBB pass,2.94417823,3.085005395987758
1206,BBB pass,2.788267882,2.7869089972867824
1216,BBB pass,2.654536418,3.18170918027712
1243,BBB pass,3.539661876,3.5151682858411246
1245,BBB pass,3.637432544,3.445099267380564
1253,BBB pass,2.872551201,3.5687570338523935
1257,BBB pass,3.459069232,3.400381436024263
1271,BBB pass,4.119641577,3.772222294902963
1272,BBB pass,4.728001391,3.675226873453416
1276,BBB pass,3.332577311,4.255443550516719
1283,BBB pass,4.203224836,3.854944294136086
1284,BBB pass,3.423532001,3.448449274367537
1293,BBB pass,3.070431941,3.2530011484807466
1310,BBB pass,3.920446321,4.0649438439668275
1330,BBB pass,3.167290229,3.404095544471875
1336,BBB pass,2.988145075,3.4554847149917314
1342,BBB pass,0.942475043,3.637253802353695
1345,BBB pass,4.214487751,4.210926988358261
1351,BBB pass,2.985541233,3.19176963404904
1353,BBB pass,2.411280151,2.987295298551622
1358,BBB pass,2.727143469,2.5539414549334043
1360,BBB pass,3.912995943,4.052838337343537
1363,BBB pass,3.017962644,3.1805259730285216
1372,BBB pass,4.002182066,3.727753107019572
1379,BBB pass,3.804468558,3.7445852430931317
1383,BBB pass,3.345786681,3.255683221330234
1392,BBB pass,2.732194911,2.796028644718635
1399,BBB pass,2.970468272,3.25062852910755
1402,BBB pass,3.593456834,2.6415439908787053
1404,BBB pass,3.060637413,3.3672504920993083
1406,BBB pass,4.956525486,6.418346900933513
1410,BBB pass,3.952773834,3.9254913990054643
1416,BBB pass,3.491092958,3.5184036409426906
1420,BBB pass,5.166456139,6.387553872892964
1429,BBB pass,3.809693406,3.848709172497921
1430,BBB pass,3.360566593,3.741267259447396
1431,BBB pass,3.688949051,3.9138890469770233
1451,BBB pass,5.041269431,3.273553316115771
1461,BBB pass,4.005850279,3.5550904373173786
1463,BBB pass,4.037956476,3.71116873799579
1466,BBB pass,3.530917438,3.1772071414684855
1470,BBB pass,4.748224843,3.313294211334814
1471,BBB pass,4.638247576,3.2435408954123757
1475,BBB pass,2.704750904,2.9436791819985384
1506,BBB pass,3.821255615,3.6475721786253423
1508,BBB pass,4.015840263,3.9110500125535377
1514,BBB pass,3.096881059,3.3175271079899264
1520,BBB pass,4.101452722,3.802713222615849
1523,BBB pass,2.576590488,3.0833603630582953
1528,BBB pass,3.428487689,3.220747072245585
1546,BBB pass,2.952103309,3.272439009880999
1557,BBB pass,2.745843012,3.056797841906146
1558,BBB pass,4.067719675,3.966493922274012
1565,BBB pass,1.635229316,2.2704886960322606
1571,BBB pass,3.25338405,2.6850902687439375
1577,BBB pass,3.566851796,2.698905010749154
1588,BBB pass,2.579608528,3.069420818002265
1595,BBB pass,3.684979936,3.4049399217303025
1607,BBB pass,3.970645821,4.218629200315882
1608,BBB pass,3.7521902,3.7413054172542632
1619,BBB pass,3.817188788,3.6018240113772566
1639,BBB pass,3.860237213,4.019751592450792
1643,BBB pass,4.572935464,3.6858653464685753
1644,BBB pass,4.524635528,3.364136300776594
1656,BBB pass,4.354721016,3.452414031247834
1663,BBB pass,3.511945032,3.5467181608167575
1675,BBB pass,3.724396356,3.509237918143271
1686,BBB pass,4.859079727,4.122696137060046
1689,BBB pass,2.688319691,2.8812263819805635
1694,BBB pass,3.436434769,3.2375594873403006
1705,BBB pass,3.980889247,3.46072460921814
1707,BBB pass,3.271568635,3.345586539194378
1717,BBB pass,3.432499715,3.359887374581785
1742,BBB pass,2.911593683,3.230813775676234
1744,BBB pass,2.625382279,3.2326933320105713
1750,BBB pass,3.127538876,3.2280967249598898
1769,BBB pass,3.446514977,3.229540132897378
1773,BBB pass,3.262315005,3.458257670494413
1800,BBB pass,2.748234071,3.2490227210987883
1807,BBB pass,3.977876724,3.3543928838916646
1811,BBB pass,3.749692635,3.1842182410846807
1822,BBB pass,2.889184545,2.7477417693152835
1834,BBB pass,3.542136018,3.3133959758395313
1840,BBB pass,2.916828859,3.408469310050158
1867,BBB pass,2.772055693,3.470589825529915
1875,BBB pass,2.599292745,3.0973667082073018
1878,BBB pass,3.631499113,3.6384442082868906
1892,BBB pass,3.657207857,3.7056686500567206
1894,BBB pass,3.677248368,3.6476712144588324
1901,BBB pass,3.908053683,4.201193580947663
1905,BBB pass,2.65090136,2.961425794166797
1911,BBB pass,2.987037304,2.835660531133246
1955,BBB pass,3.441010226,3.2342906559119404
1960,BBB pass,3.01484243,3.3466480004233805
1963,BBB pass,4.014864414,3.597707277191207
1971,BBB pass,3.740934792,4.021455849856312
1979,BBB pass,4.018669298,3.762106845662749
1980,BBB pass,2.942052721,3.7122501720369745
1981,BBB pass,2.97012983,3.297217742446713
1986,BBB pass,2.845662256,2.876979015587082
1991,BBB pass,2.712289218,3.477958828677056
1998,BBB pass,3.220568301,2.8340514393152136
2013,BBB pass,3.131003459,3.3708949568214415
2015,BBB pass,4.330935784,3.7835338670196026
2027,BBB pass,3.915153859,4.026443765400579
2029,BBB pass,3.963174826,3.7960105632792525
2031,BBB pass,3.432655633,3.683999575542462
2033,BBB pass,3.967933208,4.079928473156795
2035,BBB pass,4.010634879,3.7500109552596816
2036,BBB pass,3.817262214,3.820803167211973
2038,BBB pass,3.845515636,3.587488294625734
2067,BBB pass,3.176730649,3.3628532261452837
2070,BBB pass,3.334914609,2.9738598938169316
2075,BBB pass,3.301694147,3.892996605316433
2077,BBB pass,2.678555028,4.3236727775307875
2080,BBB pass,3.59653552,3.7549936372295147
2087,BBB pass,3.659331234,3.4812782345768225
2094,BBB pass,4.827166835,4.1659645182586456
2107,BBB pass,2.44982057,2.656770126600938
2115,BBB pass,3.103096419,3.3109979567871917
2137,BBB pass,2.643116728,2.8136249010575707
2145,BBB pass,2.480504555,3.3238640692107966
2146,BBB pass,2.576115979,3.0445018008014206
2149,BBB pass,3.146828546,3.428026439109623
2152,BBB pass,2.755772829,3.100986628935071
2156,BBB pass,3.556511412,3.45196600023677
2162,BBB pass,3.919015884,3.838540971587662
2170,BBB pass,3.862459363,3.7397180453233334
2173,BBB pass,3.90224699,3.854428077994534
2178,BBB pass,3.637947132,3.9500182684037637
2180,BBB pass,4.008653391,3.7280782441393576
2187,BBB pass,3.548124906,3.942935930605439
2188,BBB pass,4.474087511,3.851958968457748
2204,BBB pass,3.664276254,3.2874748387149415
2208,BBB pass,4.154047645,3.8857352132449856
2220,BBB pass,3.750352545,3.879350062181001
2226,BBB pass,3.033052749,3.1378980501218283
2239,BBB pass,5.691682543,3.6276909278746254
2241,BBB pass,3.021781741,3.4014256746236056
2242,BBB pass,3.431263221,2.8403259167724784
2248,BBB pass,2.824353665,2.5722414120710755
2252,BBB pass,2.87743254,3.480318477121088
2271,BBB pass,3.176700911,2.5864126485594436
2280,BBB pass,3.687715203,3.6412719591122165
2296,BBB pass,3.637387863,3.7101812155536353
2298,BBB pass,3.616629279,3.168554889840359
2299,BBB pass,3.61526895,3.5354530201098027
2301,BBB pass,3.213503,3.459998332107972
2303,BBB pass,3.704173506,3.4845343225165952
2313,BBB pass,3.597826116,4.015458957244139
2324,BBB pass,3.107081774,3.491408701168193
2326,BBB pass,2.630715761,2.9197921113601506
2339,BBB pass,4.341379561,3.837966706442335
2347,BBB pass,4.076338872,4.28268859835452
2353,BBB pass,3.778729924,3.0841218070116696
2360,BBB pass,3.808590971,3.2804675665039977
2361,BBB pass,3.164926578,3.2746864375382354
2382,BBB pass,3.099364068,3.4805195322183025
2396,BBB pass,3.963006204,3.6029635591869744
2417,BBB pass,3.376153144,2.9504657501323557
2426,BBB pass,3.042290068,3.5553004532950494
2427,BBB pass,3.525308637,3.726498383392811
2435,BBB pass,3.406304777,3.8139316547972233
2442,BBB pass,3.577995759,3.2116967155876925
2443,BBB pass,3.037437565,3.2903620285311463
2468,BBB pass,3.123180586,3.4169902659642277
2472,BBB pass,2.126957252,3.4951814361438984
2474,BBB pass,3.873652875,3.683762841944004
2491,BBB pass,3.991878504,3.900051647493661
2494,BBB pass,3.881417946,3.5142897750930766
2495,BBB pass,3.25584154,2.8618061278738285
2498,BBB pass,3.580342432,3.304469769158772
2501,BBB pass,3.164739384,2.9399881472153053
2521,BBB pass,3.579029912,3.9034962781912985
2525,BBB pass,3.632187251,2.799255827671166
2541,BBB pass,3.831507559,3.3419436957938355
2546,BBB pass,4.563154851,4.180517810252806
2553,BBB pass,3.747883249,4.271511854364341
2558,BBB pass,2.791424317,3.1794379078899326
2563,BBB pass,3.513869884,3.4198465849752306
2573,BBB pass,3.513744828,3.761728687111234
2574,BBB pass,3.232308629,3.8066999479695878
2590,BBB pass,3.661864547,3.840732162778755
2591,BBB pass,3.249729681,3.7825108407651844
2593,BBB pass,3.233125444,3.5487356007646214
2594,BBB pass,3.42667529,3.7657099744772933
2595,BBB pass,3.845463491,3.754230805970122
2598,BBB pass,3.50759086,3.7627815437918652
2600,BBB pass,3.870867816,3.615497521959575
2603,BBB pass,2.959934421,3.2741364342028465
2615,BBB pass,3.664119608,3.7472912922477177
2622,BBB pass,3.551312734,3.7468724904299218
2624,BBB pass,2.944126097,3.142593306154592
2632,BBB pass,4.16521464,3.3425666530564317
2642,BBB pass,3.425844101,3.7259018878965118
2643,BBB pass,2.648568804,2.4867458791792343
2697,BBB pass,3.466032815,3.4977352834552007
2713,BBB pass,3.419701785,3.5114281018285873
2759,BBB pass,2.615368951,3.212217140829088
2762,BBB pass,2.707399831,3.2787457988485427
2774,BBB pass,3.330868124,3.5185426379913904
2775,BBB pass,3.548873988,3.6983417125683418
2781,BBB pass,3.929227695,3.7818966560810146
2793,BBB pass,4.768947497,3.860343419114586
2841,BBB pass,4.450279908,3.9485668554559115
2849,BBB pass,2.94897601,3.247524143902141
2854,BBB pass,3.209083953,3.2085569200381023
2858,BBB pass,3.391552567,3.8593764270239097
2871,BBB pass,3.941215725,2.9308098289337514
2890,BBB pass,3.252293291,3.8894725766270732
2910,BBB pass,4.402898173,4.013667150299363
2923,BBB pass,4.568702954,4.649775267001092
2929,BBB pass,3.626972758,3.8576265966285863
2931,BBB pass,4.449106686,4.644607261242847
2934,BBB pass,3.567057337,3.172199315573974
2936,BBB pass,3.193647664,3.1776779573947067
2939,BBB pass,2.97513245,3.4111116377010275
2941,BBB pass,3.509843119,3.030403872128716
2955,BBB pass,5.220660633,3.4737308542867056
2962,BBB pass,3.575171634,3.7288520391935838
2964,BBB pass,3.849847832,3.7124362652108425
2965,BBB pass,3.713263676,3.7829814561062025
2967,BBB pass,3.673089732,3.873379834673199
2968,BBB pass,3.773591867,4.129446594316386
2978,BBB pass,3.756520103,3.870738957095428
2981,BBB pass,3.875966997,3.55530802654827
2987,BBB pass,3.492757895,3.4274251835302803
2994,BBB pass,4.982665482,3.945158109494919
2998,BBB pass,2.940248224,3.1000009923291643
3002,BBB pass,3.79690979,3.697568860852673
3006,BBB pass,3.811311121,3.6741301841720295
3018,BBB pass,3.428487689,3.604443870481105
3019,BBB pass,2.5898858,3.1121744596420955
3020,BBB pass,2.223142755,2.6309825946560963
3025,BBB pass,3.609426314,4.124294272707801
3026,BBB pass,2.358431982,3.0779831009092895
3034,BBB pass,3.598739714,3.697012164952154
3046,BBB pass,3.512570053,3.062911031235733
3054,BBB pass,4.113702172,4.1240422483719
3057,BBB pass,4.048414928,3.9707434662415078
3070,BBB pass,3.549222501,3.942775723523643
3071,BBB pass,3.299404869,3.5003789614380865
3079,BBB pass,3.418881069,3.203904745147977
3082,BBB pass,5.859307346,4.9790961678603285
3084,BBB pass,5.183921982,4.637400760628106
3085,BBB pass,4.180856733,4.383281895223753
3086,BBB pass,3.566411563,4.0158672216453395
3087,BBB pass,4.822329384,5.0616900942358605
3106,BBB pass,4.112377071,4.629772566803717
3108,BBB pass,4.258242072,3.6457494518653255
3109,BBB pass,3.491913318,3.461187591549601
3111,BBB pass,4.13861196,3.912500441970546
3115,BBB pass,4.248371329,3.5000272644516612
3124,BBB pass,3.778723728,3.8959068033832307
3127,BBB pass,3.410768198,3.382377343280921
3129,BBB pass,3.882841036,3.919516635431939
3135,BBB pass,2.549898451,2.962348527975857
3138,BBB pass,3.316681,3.337061220025327
3150,BBB pass,3.377734757,3.66121173863473
3151,BBB pass,3.970218586,4.058944775767929
3152,BBB pass,4.194585491,4.371698634263202
3176,BBB pass,4.928070062,3.1995892897424594
3177,BBB pass,3.151717065,3.3119567536273062
3192,BBB pass,3.596879727,3.50326156439231
3203,BBB pass,3.980625944,3.6275411419573227
3207,BBB pass,4.072617477,3.649134287323212
3214,BBB pass,3.759997028,3.5767901527013457
3215,BBB pass,3.129196682,3.3808561233391443
3217,BBB pass,3.345578466,3.753491640233971
3222,BBB pass,3.678660617,3.6366833581971805
3233,BBB pass,4.06802622,3.8720778633070405
3235,BBB pass,3.563923715,3.54124543170523
3236,BBB pass,3.653819436,3.7399581707312106
3237,BBB pass,3.699588631,3.8274321362037504
3241,BBB pass,3.622034954,3.8836714846964484
3245,BBB pass,3.441602496,3.894743461336738
3260,BBB pass,3.56927147,3.584774657140746
3263,BBB pass,3.448198205,3.24492733953575
3265,BBB pass,2.656966561,2.786964318784548
3271,BBB pass,3.061270228,3.18304511128711
3277,BBB pass,3.172308048,3.7034831813137936
3281,BBB pass,2.567379308,2.655223591168153
3307,BBB pass,3.736993744,3.684535889412964
3332,BBB pass,3.905293087,3.8168186554543073
3341,BBB pass,4.301673206,4.331240314560397
3347,BBB pass,2.614990216,2.317224442249458
3370,BBB pass,3.364091131,3.2873748446522244
3379,BBB pass,4.403320428,4.003786521587391
3383,BBB pass,3.454749428,3.4153201463320366
3396,BBB pass,3.929303623,3.900554636809839
3399,BBB pass,2.54457959,2.7325296051924077
3403,BBB pass,3.699667474,3.504044269558546
3411,BBB pass,3.384477071,3.864573723244454
3415,BBB pass,4.892758065,4.48194403007757
3426,BBB pass,3.764887165,3.8100066715984346
3430,BBB pass,3.632076485,3.964469596092472
3431,BBB pass,3.561467686,3.18846318242816
3434,BBB pass,3.988687131,3.8479523675108087
3443,BBB pass,4.00464375,3.881627957482179
3447,BBB pass,2.973189451,3.2009592140258887
3454,BBB pass,3.197098223,3.7647894587962956
3467,BBB pass,4.383764516,3.398356242999602
3473,BBB pass,3.369443879,4.074459345147862
3502,BBB pass,3.714759231,3.765098568841713
3509,BBB pass,2.912065879,3.4674176268599792
3510,BBB pass,3.468261645,3.628943924283582
3519,BBB pass,3.663946467,3.474894872080246
3523,BBB pass,2.879860146,3.1257151210721816
3526,BBB pass,3.233716796,3.1883650500398226
3528,BBB pass,3.462951745,3.7058380533434496
3530,BBB pass,3.239609757,3.2615960034262126
3543,BBB pass,3.546890629,3.487313899427629
3554,BBB pass,2.802861345,3.4553471473366884
3591,BBB pass,3.911422063,3.857490453050399
3598,BBB pass,3.039764322,3.4790948844151517
3603,BBB pass,3.766078073,3.954729929401147
3605,BBB pass,4.217641094,3.9378855812097973
3608,BBB pass,2.572934068,2.8744823349095516
3619,BBB pass,3.594979991,3.9210235134022207
3622,BBB pass,4.380848644,3.8643374846388023
3627,BBB pass,4.085884932,3.5426559490014835
3642,BBB pass,2.335487989,2.558016057518137
3647,BBB pass,3.932579028,4.248848959598517
3656,BBB pass,3.973760354,3.547703752536765
3660,BBB pass,3.563743752,3.3411036605103224
3661,BBB pass,4.602612378,4.229679589637423
3664,BBB pass,1.888702113,2.41074440822394
3673,BBB pass,3.228574863,3.4110322861984783
3674,BBB pass,3.076462434,3.2405654153351864
3676,BBB pass,2.832852364,2.9540637458969945
3684,BBB pass,3.531027052,3.2182928418978882
3690,BBB pass,2.795630123,3.817867902417507
3694,BBB pass,2.847994411,3.0831909426681134
3704,BBB pass,3.28464761,3.202186762867437
3724,BBB pass,3.890554079,3.532989180407015
3742,BBB pass,3.650328049,3.692381240764885
3754,BBB pass,6.622127639,5.265787158743218
3756,BBB pass,2.560839751,2.862187641269984
3768,BBB pass,2.871903466,3.2147638669961833
3774,BBB pass,3.338612519,3.8118017471615193
3785,BBB pass,3.487304122,3.405455750181903
3804,BBB pass,3.689537175,3.3356302540908356
3810,BBB pass,3.252044885,3.4275281692464445
3817,BBB pass,3.235885767,3.2665479122836634
3829,BBB pass,3.314707589,3.5540383324845077
3831,BBB pass,3.140618017,3.7262681024499122
3835,BBB pass,2.123721006,3.128549759839196
3846,BBB pass,3.236716361,3.606977553846166
3856,BBB pass,4.016919825,4.027679723821427
3869,BBB pass,3.236716361,3.4806772950180496
3879,BBB pass,3.017865824,3.2753626854457716
3880,BBB pass,1.881307607,2.991762904611287
3897,BBB pass,3.251090445,3.462983125993094
3920,BBB pass,2.041002866,2.438188476820027
3924,BBB pass,4.112744606,3.9436319005492613
3941,BBB pass,3.204716727,3.203652507670138
3950,BBB pass,3.71160648,3.9438476530099327
3955,BBB pass,4.42509057,3.543204794159145
3959,BBB pass,5.061858467,3.9698689172033332
3960,BBB pass,3.971676683,4.0290216398759116
3971,BBB pass,4.384838256,4.094111988681992
3987,BBB pass,3.550344149,3.863612838363908
4001,BBB pass,4.390995632,2.8953216447097656
4010,BBB pass,3.549810898,3.4103411460141873
4011,BBB pass,2.981795963,3.246722468321906
4012,BBB pass,3.545565548,3.828025135775175
4019,BBB pass,4.463010416,4.12703093182756
4023,BBB pass,4.581545767,4.115807615395967
4026,BBB pass,3.740961546,3.850438293947986
4035,BBB pass,2.815778995,3.722721227789082
4037,BBB pass,4.375902486,3.969066459354309
4053,BBB pass,3.869234583,3.8068690246957546
4064,BBB pass,4.90791515,4.602687752893351
4077,BBB pass,3.535761897,3.40196246973965
4082,BBB pass,3.897917135,3.0979325224773593
4096,BBB pass,3.748838981,3.6470983874187164
4106,BBB pass,3.301702905,2.9042169320007347
4110,BBB pass,3.095564513,3.2884289998927714
4111,BBB pass,2.983552916,3.449581963277816
4122,BBB pass,3.831313873,3.6354709253946496
4125,BBB pass,3.222424532,3.7457345329358196
4152,BBB pass,3.386830242,3.7588144886010317
4156,BBB pass,5.518027893,4.361691766790552
4168,BBB pass,3.602679969,3.5734531834851566
4169,BBB pass,2.347665435,2.6892176638529843
4208,BBB pass,3.127894884,3.0835065592955724
4209,BBB pass,3.462125141,3.1581554816524537
4212,BBB pass,3.657214687,3.474434798656019
4216,BBB pass,3.443831893,3.5330173246522314
4243,BBB pass,3.546599943,3.3478873191893324
4245,BBB pass,3.064041466,2.8321033653531256
4250,BBB pass,2.884471237,3.3107938423542898
4257,BBB pass,4.004754838,4.0428052636888765
4262,BBB pass,2.813366207,3.4631787957297586
4282,BBB pass,3.600659851,3.5812193090603825
4289,BBB pass,5.086048237,3.9091219198591585
4302,BBB pass,3.643282874,4.085252299211419
4306,BBB pass,3.601041122,3.9856273016515953
4327,BBB pass,3.881120826,3.9311769266936216
4353,BBB pass,2.243465928,2.500708400307537
4374,BBB pass,2.301553828,3.7909312853501085
4406,BBB pass,4.042019547,4.688969509356424
4412,BBB pass,4.485203086,3.7411035909316386
4438,BBB pass,4.215077704,3.6014714937722085
4458,BBB pass,3.608038669,3.6512506269918275
4460,BBB pass,3.990888652,3.641867142875013
4472,BBB pass,3.553778435,3.212668870273128
4478,BBB pass,3.915366853,4.011208191072054
4497,BBB pass,4.301648425,3.734811932777579
4504,BBB pass,4.311576353,4.203011613560989
4513,BBB pass,3.471476601,3.8713239476692243
4515,BBB pass,3.461894952,2.9798987103622814
4516,BBB pass,3.497913993,3.1879641675112707
4519,BBB pass,3.520850632,3.7678555490659704
4520,BBB pass,4.131163363,3.8061137461155896
4522,BBB pass,3.794798146,3.5676485497120267
4524,BBB pass,3.735347922,3.8898301117572274
4525,BBB pass,4.764038572,4.017467459962403
4533,BBB pass,3.088644385,2.69106294421176
4547,BBB pass,2.978444291,3.029118808559284
4551,BBB pass,3.685791483,3.592840260798411
4553,BBB pass,3.544467687,3.629340138202146
4554,BBB pass,3.826500554,3.6881991356687913
4556,BBB pass,3.675310156,3.554460327701086
4557,BBB pass,3.843825867,3.7426767597054145
4559,BBB pass,3.437397302,3.5208007177242
4560,BBB pass,3.562974132,3.6758842741339395
4561,BBB pass,3.416756408,3.5549298655824466
4562,BBB pass,3.493976597,3.660194315971084
4565,BBB pass,3.483283939,4.106313684856677
4572,BBB pass,3.046271825,3.2577427061126323
4582,BBB pass,3.544205401,3.622577599107546
4597,BBB pass,4.154252023,4.0023620835672356
4601,BBB pass,3.510817263,3.637422646383204
4623,BBB pass,3.649232255,3.628907392891532
4629,BBB pass,3.707185284,3.952217674382079
4641,BBB pass,3.434561019,3.42737363748274
4642,BBB pass,3.369745808,2.870873035423082
4674,BBB pass,3.780043284,3.948622372712232
4676,BBB pass,3.249275015,3.3647063978334852
4678,BBB pass,3.847223486,3.9228599040808003
4685,BBB pass,4.067610133,3.8109751137974155
4688,BBB pass,4.183054621,3.6712478380632843
4692,BBB pass,4.216561735,3.925681885573336
4693,BBB pass,3.998111545,3.4736068833985736
4694,BBB pass,3.952039724,3.7019343909984075
4700,BBB pass,3.604470988,3.4538348398724956
4712,BBB pass,4.673918605,3.6130139505698464
4721,BBB pass,4.121988201,3.8248982367095548
4736,BBB pass,3.04637592,3.314464533390797
4737,BBB pass,3.460865144,3.509325977015818
4739,BBB pass,3.377628183,3.782263760571467
4754,BBB pass,3.614777866,3.832325341594012
4757,BBB pass,3.694300757,3.120364907088177
4765,BBB pass,3.23496698,3.4660276655468474
4785,BBB pass,3.372304302,3.6923609087786398
4800,BBB pass,4.265157311,3.8932958513881384
4801,BBB pass,3.535606027,3.0936883834975077
4803,BBB pass,2.640546276,3.047433458039812
4806,BBB pass,3.448594684,3.786378400303615
4816,BBB pass,4.069469771,3.9973669475382736
4820,BBB pass,3.869492479,3.1015583706911425
4844,BBB pass,3.869212156,3.51964484536619
4855,BBB pass,4.052374547,4.083047816976294
4873,BBB pass,2.944344022,3.1767707833566283
4877,BBB pass,3.679205566,3.802162065196008
4879,BBB pass,6.787006403,4.532236408454837
4881,BBB pass,3.541099847,3.756539498361291
4887,BBB pass,4.153425264,3.462196299322257
4889,BBB pass,4.210141876,4.001829039993729
4894,BBB pass,3.99490469,3.635885146905957
4895,BBB pass,4.110144488,3.776158153678314
4908,BBB pass,2.993198565,2.971833243316543
4909,BBB pass,4.137259139,3.741425927180253
4910,BBB pass,4.195251086,3.744500726162481
4912,BBB pass,3.879556364,3.770161833259582
4913,BBB pass,4.225796482,3.950700855931883
4923,BBB pass,1.471957315,3.014446818148334
4934,BBB pass,3.703637923,3.938603785798189
4946,BBB pass,4.051822749,3.8548163148335943
4962,BBB pass,3.58871978,3.2128062964151463
4976,BBB pass,3.965355901,3.571012387796492
4978,BBB pass,3.5052566,3.431134881141664
4994,BBB pass,2.889184545,2.680916964557328
4996,BBB pass,3.885933459,3.9424401077079994
5000,BBB pass,2.827797217,3.441365354671178
5009,BBB pass,4.025704772,4.0309307871056435
5010,BBB pass,3.960837813,3.8240625754570803
5011,BBB pass,3.782315281,3.411825243845515
5012,BBB pass,4.006601761,3.9457366084797147
5013,BBB pass,3.964166719,3.9563074778816443
5017,BBB pass,2.791881954,3.3743377954662703
5023,BBB pass,3.718590446,3.7999175778536474
5031,BBB pass,4.325371969,3.7503723122825368
5033,BBB pass,4.334182232,3.539798136178754
5041,BBB pass,3.246151302,3.762874534285628
5046,BBB pass,4.260603192,3.625759295051873
5051,BBB pass,3.378621351,3.6792957672242346
5052,BBB pass,3.944427335,3.7792833785543856
5053,BBB pass,4.122785005,3.847024911778888
5054,BBB pass,4.234335684,4.0157959132238235
5055,BBB pass,4.251600137,3.9753172563773904
5060,BBB pass,3.549078062,3.0205289489691234
5064,BBB pass,4.292809665,3.716916572669481
5065,BBB pass,4.233058622,3.7409563670908015
5071,BBB pass,3.621597236,3.395292193858137
5072,BBB pass,3.163626772,3.5259394820782983
5073,BBB pass,3.884926284,3.530478761175758
5097,BBB pass,3.674475666,4.116852222337187
5118,BBB pass,2.971294851,3.215812368318514
5121,BBB pass,3.82872747,3.805913553476309
5130,BBB pass,3.56202294,3.647261031167616
5132,BBB pass,3.877853468,3.5312451993641267
5136,BBB pass,3.078360136,3.271811863155481
5164,BBB pass,3.963474439,4.139716792755837
5165,BBB pass,3.933416145,4.215840287458672
5167,BBB pass,3.75383045,3.1744064327246937
5174,BBB pass,3.382195409,3.350327472639589
5181,BBB pass,3.482111968,3.9819214856094582
5185,BBB pass,3.711992713,3.888158373679715
5188,BBB pass,3.703420999,3.8383057698500336
5191,BBB pass,3.887863684,3.814202363793497
5195,BBB pass,3.630476888,3.7807829912174
5196,BBB pass,3.516658577,3.964844391681734
5197,BBB pass,3.75789993,4.1770991172054135
5198,BBB pass,3.768980765,4.113453667283779
5224,BBB pass,4.050659795,3.819453291455427
5245,BBB pass,3.107992687,3.6438730172370746
5248,BBB pass,3.883718202,3.899804265137939
5254,BBB pass,3.397775814,3.6556053916647526
5255,BBB pass,3.359835482,3.6961867222371665
5260,BBB pass,3.62300179,3.350460336098183
5284,BBB pass,4.720168246,4.603816769297964
5287,BBB pass,2.989198488,2.9952174707337935
5291,BBB pass,3.571134605,3.262067473193978
5292,BBB pass,3.160298422,3.426908804847131
5293,BBB pass,3.438299311,3.408227912941136
5302,BBB pass,3.748131243,3.6281499391954894
5322,BBB pass,3.298298101,3.4430907579858365
5352,BBB pass,3.484463559,3.500100810275468
5357,BBB pass,3.760217783,3.7522786284983938
5363,BBB pass,3.636991459,3.813590005136272
5371,BBB pass,4.059404046,3.6650681502550624
5377,BBB pass,3.717758149,3.5653397559603626
5381,BBB pass,2.913663213,3.1160012942614577
5391,BBB pass,2.868260441,3.3180327468554656
5392,BBB pass,2.893307401,3.1730351152121377
5393,BBB pass,4.497192358,4.164847708700054
5395,BBB pass,3.166865736,3.245540084090589
5398,BBB pass,4.30560929,4.072131147584424
5403,BBB pass,2.957500868,3.09369170642265
5405,BBB pass,3.343721646,3.8208547272952407
5411,BBB pass,3.756464182,3.9746593488939457
5422,BBB pass,3.911417275,4.363842399597249
5426,BBB pass,2.854618309,3.675706502378824
5427,BBB pass,3.360821133,3.9675791911083187
5432,BBB pass,4.00179056,3.8371836617519963
5444,BBB pass,3.249939234,3.498865945892065
5445,BBB pass,3.355712257,3.722707832530792
5447,BBB pass,3.584759168,3.3103842589170385
5451,BBB pass,3.56940841,4.027630871571818
5473,BBB pass,2.854552405,2.9235368977351905
5478,BBB pass,3.949346784,3.785549945252105
5483,BBB pass,3.18228052,3.1875477416242126
5484,BBB pass,2.676333224,3.317040094157764
5485,BBB pass,3.991809175,3.6637963358528194
5509,BBB pass,3.150097764,3.3552198917928955
5519,BBB pass,3.853374195,3.745847633596324
5522,BBB pass,3.198568035,3.612745450277442
5523,BBB pass,3.441044504,3.4846411466233373
5533,BBB pass,5.57129435,4.530732544605061
5537,BBB pass,4.07094939,3.8295503805934277
5538,BBB pass,3.80611211,3.9071192365918472
5568,BBB pass,3.715836275,3.572797039484563
5569,BBB pass,4.363601237,3.8489747392652256
5570,BBB pass,2.786656794,2.759421144199019
5574,BBB pass,3.60838848,3.442240047919018
5589,BBB pass,3.83304889,3.675033935206497
5591,BBB pass,4.151614972,3.9453876347308774
5596,BBB pass,3.766850557,2.7932372690008385
5607,BBB pass,4.113310723,3.8978669914934825
5612,BBB pass,3.77417051,4.054934145408269
5630,BBB pass,3.336395686,3.7065370565768205
5642,BBB pass,3.037797914,2.7232589325447716
5647,BBB pass,3.648378242,3.6626756064184165
5659,BBB pass,3.994777457,3.910361465841449
5671,BBB pass,3.65367758,4.582937940205998
5675,BBB pass,3.261542631,3.1326853997634325
5677,BBB pass,3.717424123,3.7322675332896336
5704,BBB pass,3.159079692,3.8383221303686166
5735,BBB pass,3.347353871,4.10798781533855
5738,BBB pass,3.938763572,3.7049712487858786
5744,BBB pass,2.880890373,3.629820849347167
5747,BBB pass,3.463002594,3.000237347254018
5754,BBB pass,3.763271243,3.5879564085194624
5758,BBB pass,3.472574581,3.5927126930301556
5782,BBB pass,3.50501786,3.5522984299228026
5787,BBB pass,3.56041995,3.8017152016658264
5806,BBB pass,3.761211868,3.654147209839412
5819,BBB pass,3.12548488,3.595981679661354
5833,BBB pass,3.650271758,3.89041594918813
5840,BBB pass,3.761950038,3.6950237983615835
5841,BBB pass,3.744616538,3.9964383574895095
5867,BBB pass,3.901153559,4.025793877257976
5874,BBB pass,4.02672425,3.7630287996044474
5876,BBB pass,3.10382204,2.868536233790229
5893,BBB pass,3.933907595,3.6286739097516922
5894,BBB pass,5.090962493,3.9269463488466796
5905,BBB pass,3.652037365,3.7471600770033504
5907,BBB pass,3.764168657,4.407919498121711
5914,BBB pass,4.647474339,4.700961194461966
5918,BBB pass,3.951940655,4.212275800578633
5919,BBB pass,3.951940655,4.212078948011178
5932,BBB pass,3.910964398,3.568755264577951
5937,BBB pass,3.840040477,4.101115922778596
5947,BBB pass,3.833903757,3.7170666048133665
5959,BBB pass,3.899752777,3.702985055634149
5986,BBB pass,3.49789371,3.977633874935523
6004,BBB pass,3.0102178,2.9563463575063826
6006,BBB pass,2.58935525,2.870147363402138
6011,BBB pass,3.65001248,3.6294901808407847
6014,BBB pass,3.497518451,3.2493100822405356
6015,BBB pass,3.798548446,3.590526574163449
6016,BBB pass,3.463002594,3.4199333806708814
6018,BBB pass,4.05751396,3.6517611335673696
6019,BBB pass,3.568828065,3.544043516202391
6023,BBB pass,4.423240831,4.02467345196245
6024,BBB pass,4.980881683,4.136911257509329
6025,BBB pass,5.066034589,3.8887121418588646
6026,BBB pass,5.127264326,4.215747714313053
6027,BBB pass,3.973799566,4.529550716588017
6028,BBB pass,3.602715281,3.7932128385306
6032,BBB pass,3.96682433,3.711279124397225
6035,BBB pass,3.783234897,3.532514760432499
6039,BBB pass,3.400113927,3.4808989769698275
6040,BBB pass,3.699564794,3.5478891849965835
6055,BBB pass,3.80084018,3.6434769540298255
6058,BBB pass,3.105818528,3.371906235353559
6079,BBB pass,3.687888707,3.6739527205125815
6093,BBB pass,3.356404914,3.3338231744223763
6096,BBB pass,3.099412049,3.3178883640509365
6102,BBB pass,3.442695295,3.3912061082345626
6105,BBB pass,3.283983801,3.2504188746327323
6108,BBB pass,2.457701909,2.298805327411507
6116,BBB pass,2.938478028,3.2224456741399243
6120,BBB pass,3.235194462,3.315515871711556
6181,BBB pass,4.380730136,4.068342122039007
6204,BBB pass,3.586395439,3.3039300327367753
6206,BBB pass,2.146664368,2.9012838491091015
6208,BBB pass,3.249003935,3.65885750032778
6216,BBB pass,4.311161451,4.231081443925611
6267,BBB pass,3.541237165,3.1312120449598777
6273,BBB pass,3.774165556,3.5675515538211098
6277,BBB pass,3.384235101,3.39819757243778
6280,BBB pass,3.968686265,4.095010840604202
6281,BBB pass,4.023423421,4.027785527830486
6282,BBB pass,3.968451259,3.9260198507117186
6302,BBB pass,3.932539225,4.190439090393509
6303,BBB pass,3.73638353,3.9652298474825636
6333,BBB pass,3.638527375,3.5527991170917175
6335,BBB pass,3.206144034,3.136427196085422
6338,BBB pass,3.545937416,3.5152003521276103
6339,BBB pass,3.395031589,3.480046259438925
6345,BBB pass,3.471195517,3.44254129671475
6346,BBB pass,3.602630404,3.5795701924259022
6349,BBB pass,3.777315798,3.795453309158162
6350,BBB pass,3.396865235,3.940629973425031
6353,BBB pass,3.127892237,3.2369868719203376
6363,BBB pass,3.406494762,3.157695859261592
6364,BBB pass,3.56410995,3.223549588983394
6367,BBB pass,3.326935674,3.4227137069439535
6374,BBB pass,3.754910604,3.9702687195764548
6380,BBB pass,5.538993807,4.36489904379991
6381,BBB pass,5.512374838,4.3561303988803814
6395,BBB pass,3.403206342,3.5452172149528227
6398,BBB pass,2.564315711,2.897990563800545
6415,BBB pass,3.749127883,3.7296124227447427
6423,BBB pass,3.949348179,3.7875037012291486
6424,BBB pass,3.616071256,3.7346956445190034
6426,BBB pass,3.753053533,3.6764026405712626
6427,BBB pass,3.66734142,3.8546793473377368
6428,BBB pass,4.007397012,3.787173255129176
6435,BBB pass,3.212552681,3.639299665971542
6462,BBB pass,4.150643115,3.6383623023863914
6468,BBB pass,3.568594666,3.5928545636737805
6476,BBB pass,3.210682583,3.27618476758636
6493,BBB pass,3.35661281,3.605354373887334
6495,BBB pass,3.990507651,3.715939933069741
6497,BBB pass,2.569541364,3.6279599053268554
6543,BBB pass,3.766164032,3.6770461425798846
6555,BBB pass,2.819593284,3.3617504959678595
6571,BBB pass,3.166477478,3.6018051591397438
6578,BBB pass,3.428730679,4.356913701455454
6580,BBB pass,4.576604579,3.7126651974308595
6589,BBB pass,2.939483753,3.035273451046374
6607,BBB pass,3.21550009,3.593674776414153
6630,BBB pass,3.183024544,3.547801402672311
6631,BBB pass,3.452666409,3.8918178232687937
6634,BBB pass,4.120523081,4.016749269715138
6664,BBB pass,3.55756334,3.7607258514029733
6667,BBB pass,4.255925868,4.318513626312239
6668,BBB pass,4.348949078,3.929450281255802
6677,BBB pass,3.146971585,3.457467445789513
6679,BBB pass,3.439888235,3.519269195852356
6680,BBB pass,3.471053224,3.8622887849010494
6681,BBB pass,2.892571754,3.3582463986157234
6688,BBB pass,3.587702548,3.438046393784915
6693,BBB pass,3.879055476,4.01603011148516
6703,BBB pass,3.18976254,3.5516886451720473
6712,BBB pass,3.649084045,3.6048226186295
6720,BBB pass,3.679589859,3.7608757230233447
6723,BBB pass,3.761053267,4.054713741332019
6730,BBB pass,3.092478595,3.369901551721121
6731,BBB pass,2.91206586,3.28892950059324
6732,BBB pass,3.189201897,3.8051728632605912
6791,BBB pass,3.693614139,3.6288735126321026
6805,BBB pass,3.097503722,2.67176383660996
6816,BBB pass,2.81908584,3.6488054102812435
6824,BBB pass,3.268595971,3.687059401612296
6826,BBB pass,3.679772678,3.580521003467176
6828,BBB pass,2.625900717,3.035503334235095
6836,BBB pass,2.716299377,3.9598977939534086
6838,BBB pass,2.664650221,3.2464750286639203
6839,BBB pass,3.548339089,3.366192191399268
6840,BBB pass,2.827468802,3.4012230425191086
6848,BBB pass,3.613327973,3.4582163045230434
6851,BBB pass,3.480273929,2.9221878875551544
6872,BBB pass,3.823867171,3.881577235791067
6884,BBB pass,4.036149909,3.868259884547254
6892,BBB pass,3.381188819,3.7688041607203226
6894,BBB pass,2.380775859,2.402710176665381
6896,BBB pass,2.431928382,2.632577457155203
6899,BBB pass,3.877542308,3.7784227193642117
6910,BBB pass,3.461252886,3.798484547069826
6915,BBB pass,3.980903687,3.819236068418669
6924,BBB pass,3.11414375,3.4731503000179473
6953,BBB pass,3.142020096,3.387734566219213
6960,BBB pass,1.611803303,2.3389538831779255
6972,BBB pass,3.489149573,3.9044780247887623
6974,BBB pass,4.239870408,3.7345589865101796
6975,BBB pass,4.286351196,3.735378173761498
6976,BBB pass,4.138017023,3.691425225557948
6977,BBB pass,4.471523957,3.7554860124564993
6981,BBB pass,3.564446621,3.684219600010734
6987,BBB pass,2.915552254,2.387322244984974
6992,BBB pass,3.527099775,3.2465353742962533
6998,BBB pass,3.545373842,3.7546053531245813
7003,BBB pass,3.186466607,3.1067386911159462
7005,BBB pass,3.457197382,3.433374209158384
7027,BBB pass,3.096325525,3.143546930602252
7036,BBB pass,2.613858289,2.932149219913594
7038,BBB pass,2.733936167,3.126222678646616
7050,BBB pass,3.387914795,3.112948743792594
7057,BBB pass,1.900703748,2.1841445042420617
7060,BBB pass,3.73389339,3.833343933801081
7080,BBB pass,3.148285975,3.802132948034636
7097,BBB pass,3.657170288,3.0835333911722715
7105,BBB pass,3.904212147,3.7264734665083914
7106,BBB pass,4.170810106,3.8030623470639853
7117,BBB pass,3.468865516,3.9133965773196353
7121,BBB pass,3.946779664,3.798924493802996
7130,BBB pass,3.226801756,3.2742673950972327
7149,BBB pass,2.919729046,3.0033108193956695
7156,BBB pass,4.145238372,4.009716903720556
7161,BBB pass,3.568314894,3.1182184876917702
7170,BBB pass,3.877395855,4.154520456212701
7172,BBB pass,3.518921722,3.744494720713898
7200,BBB pass,3.880037616,3.879991711304453
7214,BBB pass,3.512235999,3.751572302111617
7216,BBB pass,3.634351296,3.30124941765087
7226,BBB pass,3.552976716,3.855451300843949
7232,BBB pass,3.181387784,3.4186227242146647
7240,BBB pass,3.323878455,3.7084726736104705
7252,BBB pass,4.33800656,3.9809942280351045
7256,BBB pass,4.183311464,3.7048952556301695
7262,BBB pass,3.419465977,3.2967119935951184
7266,BBB pass,3.371057782,3.5636197939853873
7270,BBB pass,3.464337724,3.3435084633458785
7273,BBB pass,2.54525471,2.8178653718937667
7278,BBB pass,3.220654537,3.3010062940742744
7280,BBB pass,3.794307198,3.8628284165585685
7301,BBB pass,4.191960209,3.36025610201024
7305,BBB pass,3.314290767,3.3694081053841973
7306,BBB pass,3.408682517,3.314574792813064
7311,BBB pass,2.144293316,3.1006221246435794
7312,BBB pass,2.922048778,3.600314397592341
7315,BBB pass,2.859245072,2.934585683531048
7333,BBB pass,2.979201752,3.3806772091915667
7343,BBB pass,1.605168099,2.0201637424611123
7344,BBB pass,2.285114476,2.9800944592436207
7374,BBB pass,3.211378655,3.732078061175188
7399,BBB pass,3.82423124,3.835947861989325
7403,BBB pass,4.048909318,3.748890310175659
7404,BBB pass,4.401665862,3.5720864132014976
7405,BBB pass,3.796305418,4.166302054182193
7413,BBB pass,3.703039451,3.648223099762037
7414,BBB pass,3.550115789,3.7141863234090207
7418,BBB pass,4.253434935,3.9420124177819362
7419,BBB pass,4.296401902,3.9711359446504275
7431,BBB pass,3.749052708,3.846375763989922
7441,BBB pass,2.906191833,3.0812724104281264
7446,BBB pass,3.489211526,3.944802835099808
7448,BBB pass,4.934364336,3.7215831698065127
7459,BBB pass,3.191808587,3.314622219636803
7461,BBB pass,3.195464218,2.867905682814575
7467,BBB pass,3.91297843,3.754507340692246
7505,BBB pass,3.74756855,3.5378744479072077
7507,BBB pass,3.990606598,3.445841644271288
7508,BBB pass,3.872507286,3.528220765788826
7511,BBB pass,3.857621068,3.4835166305859526
7512,BBB pass,3.708399652,3.5461357949842585
7514,BBB pass,3.718925574,3.4789657293194454
7518,BBB pass,4.739084718,3.4550580320832798
7524,BBB pass,2.906655226,3.1230054206632176
7527,BBB pass,3.310593791,3.5013943400938756
7536,BBB pass,4.664093905,3.665103988013151
7544,BBB pass,3.22059037,3.4177999055443795
7553,BBB pass,2.772940322,3.157497255184938
7562,BBB pass,4.033233962,3.6914964622557815
7564,BBB pass,3.871502048,3.616568606626364
7572,BBB pass,3.503929547,3.358953217377666
7573,BBB pass,3.477273954,3.566327649324338
7574,BBB pass,3.379015287,3.3322047226151597
7576,BBB pass,3.446234174,3.6391614455139343
7577,BBB pass,3.449288595,3.212826924776534
7581,BBB pass,3.467507474,3.7530276476952085
7582,BBB pass,3.470416372,3.327574005434813
7584,BBB pass,3.496722133,3.7817295530250314
7585,BBB pass,3.499442379,3.3405336660446627
7590,BBB pass,4.188786433,4.056867950376532
7595,BBB pass,3.046178552,3.1869129342665574
7657,BBB pass,3.923038509,3.6268139998955773
7660,BBB pass,3.170874577,3.2926378814984476
7667,BBB pass,2.946630728,2.7360262910691557
7668,BBB pass,3.242006927,3.0139443145998444
7669,BBB pass,3.190854405,2.973955818140473
7712,BBB pass,3.559730648,3.9778266114236778
7728,BBB pass,4.506802578,3.965250448980307
7729,BBB pass,4.114493111,3.2197458483856076
7731,BBB pass,3.123462591,3.4058392761288627
7733,BBB pass,3.604015723,3.3765252604951494
7736,BBB pass,4.761966479,4.118868287985043
7737,BBB pass,5.072543986,4.512025942700199
7746,BBB pass,4.093191051,3.849517262460341
7754,BBB pass,3.547104962,3.593978206790991
7755,BBB pass,3.221838616,3.7302135562073384
7756,BBB pass,3.121457705,3.428152313868796
7758,BBB pass,4.045016386,3.6461240583983505
7763,BBB pass,3.909105456,3.9558090289256436
7781,BBB pass,2.979201752,2.921474422680883
7842,BBB pass,3.500400667,3.483682897697923
7865,BBB pass,3.049349411,3.275280506226667
7937,BBB pass,3.623804729,3.5351804055396308
7944,BBB pass,4.470654664,3.1897561989544725
7945,BBB pass,2.967569009,2.86880277854383
7971,BBB pass,3.614126654,3.786706988336469
7972,BBB pass,4.011270803,3.8193013160017775
7974,BBB pass,3.566195402,3.5446503119667367
8047,BBB pass,3.061119791,3.3628676797592285
8056,BBB pass,4.612549772,4.430478678975355
8057,BBB pass,4.586923573,4.411104216477349
8060,BBB pass,3.991005826,4.046846846559314
8076,BBB pass,3.658452361,4.034351995414902
8081,BBB pass,3.768416088,3.583085533115631
8115,BBB pass,5.212010831,4.860757932714787
8181,BBB pass,3.410217987,3.527124266377418
8189,BBB pass,3.28165594,3.585751103477075
8262,BBB pass,3.301678996,3.4971175494760653
8265,BBB pass,3.500243338,3.6363829147732045
8288,BBB pass,3.442695295,3.218663652218286
8293,BBB pass,2.797997986,3.4266423107045862
8298,BBB pass,2.853393977,3.723966488308957
8311,BBB pass,3.640946709,3.8284838017800737
8341,BBB pass,3.922605607,3.756781572036691
8343,BBB pass,3.247660724,3.6561946605775155
8344,BBB pass,3.626255251,3.831297857321127
8353,BBB pass,2.907724785,2.904611368248343
8366,BBB pass,3.559876714,3.309403375311952
8397,BBB pass,4.004109811,3.997877321972152
8401,BBB pass,3.209138045,3.689460088231829
8402,BBB pass,3.776406047,3.2468440830094574
8410,BBB pass,3.406603759,3.4207422771320166
8415,BBB pass,3.717723605,3.7888623909244314
8418,BBB pass,3.023019556,3.7835338724618848
8427,BBB pass,5.523228108,3.658256671829125
8429,BBB pass,4.126650821,3.723227797660326
8431,BBB pass,3.880782012,3.6853539395883477
8432,BBB pass,4.033959055,3.658969596749069
8433,BBB pass,3.948718527,3.9491576092312495
8434,BBB pass,4.249748523,4.047284249320608
8435,BBB pass,4.230965935,3.845268371697599
8436,BBB pass,3.969498347,3.6625064684925683
8458,BBB pass,3.968873655,3.5832869089745167
8471,BBB pass,3.921621085,3.8015577016527997
8532,BBB pass,3.959935631,3.937325200603543
8543,BBB pass,3.667540114,3.506136770515273
8595,BBB pass,3.473216503,3.8488146233699245
8602,BBB pass,3.763262441,3.426541816319235
8605,BBB pass,3.538928192,3.4438528210462747
8606,BBB pass,3.613141874,3.71604827349749
8628,BBB pass,3.465096736,3.537585468315614
8643,BBB pass,3.872663971,3.782313212685657
8648,BBB pass,3.061270228,3.272033833572288
8660,BBB pass,2.774646568,3.105107798492415
8664,BBB pass,3.495019285,3.5565493290666508
8674,BBB pass,3.669555949,3.5153519299608336
8695,BBB pass,3.491120664,3.640704101755562
8698,BBB pass,4.015603811,4.325852411476234
8733,BBB pass,2.799838324,3.2479191636827585
8746,BBB pass,3.844208377,4.045906221340995
8759,BBB pass,4.048328359,3.915353579681784
8764,BBB pass,3.635207198,3.463689918326572
8765,BBB pass,3.627880102,3.609258765093564
8774,BBB pass,3.602478574,3.4738082997216533
8779,BBB pass,3.201680545,3.8179403915394046
8781,BBB pass,4.067046473,4.228254913081261
8783,BBB pass,3.716639472,3.4961877653886964
8834,BBB pass,3.541409843,3.7591561759134127
8841,BBB pass,3.381094602,3.4905965940933195
8860,BBB pass,4.217527559,3.8815964806619423
8873,BBB pass,4.50912072,4.057999435351445
8895,BBB pass,3.584759168,3.514980255573281
8911,BBB pass,3.128875056,3.752977495824177
8925,BBB pass,3.236587641,3.623786235416846
8936,BBB pass,4.053383322,3.5374593589593384
8937,BBB pass,4.292829209,3.992673381970197
8950,BBB pass,3.542155846,3.5669822479169535
8953,BBB pass,3.605029558,3.317376991462373
8954,BBB pass,3.741001324,3.450995311167464
8988,BBB pass,3.660610635,3.510179479293671
8995,BBB pass,3.697733111,3.408519454701942
8998,BBB pass,4.142049845,3.880712062291665
9003,BBB pass,3.625318332,3.4713981122860487
9005,BBB pass,3.825055933,3.7701968839673308
9022,BBB pass,4.488876472,3.765245530693517
9029,BBB pass,3.736653986,3.969339855012406
9043,BBB pass,4.153220963,4.058782719832644
9058,BBB pass,3.720391801,3.9213803437851604
9061,BBB pass,3.599569631,4.039693550045527
9082,BBB pass,4.422976212,4.000899208667727
9089,BBB pass,2.915992075,3.5790809428939125
9108,BBB pass,3.615216846,3.8075544605459064
9109,BBB pass,3.58986586,3.8904647856700945
9139,BBB pass,3.23664501,3.7486177495907254
9155,BBB pass,4.325432275,3.896848911887283
9168,BBB pass,3.498430026,3.5705597286200734
9174,BBB pass,3.694496308,3.5680133109899237
9192,BBB pass,3.545160757,3.432862631860683
9259,BBB pass,3.323003928,3.396576074515514
9284,BBB pass,2.944057492,2.760128864393659
9291,BBB pass,2.589748596,3.3811288092383354
9318,BBB pass,3.277844441,3.0943947098199196
9328,BBB pass,3.579538625,3.391751720306192
9340,BBB pass,3.845470133,3.9607471187188037
9365,BBB pass,5.095480397,4.293952480513473
9370,BBB pass,3.429056029,3.8414355358040466
9401,BBB pass,3.971218246,3.8361019211345604
9425,BBB pass,3.034300699,3.686126657744714
9429,BBB pass,3.741019019,3.689987906062954
9430,BBB pass,3.580428844,3.7226437678030613
9434,BBB pass,2.595702703,3.3281893106863185
9440,BBB pass,4.106430067,3.8264444662353543
9454,BBB pass,4.26833165,4.070869347605887
9463,BBB pass,3.810787996,3.9858850871465314
9469,BBB pass,6.175493258,4.479607167231673
9471,BBB pass,6.518426195,4.341106520376569
9477,BBB pass,3.63807602,3.7796896122054746
9479,BBB pass,3.546168182,3.7599366635103064
9480,BBB pass,3.434227886,3.8172754137114504
9481,BBB pass,3.638759465,3.8350307822972667
9486,BBB pass,3.914632504,3.811625803656189
9487,BBB pass,3.70925905,3.902156752460753
9489,BBB pass,3.790288623,3.801227830190237
9490,BBB pass,3.640865637,3.865208736573609
9494,BBB pass,4.539834984,4.731218710480887
9501,BBB pass,3.214876347,3.7054911961364536
9503,BBB pass,3.146593102,4.320940469352906
9506,BBB pass,4.289300423,4.352179726742291
9508,BBB pass,4.856749427,5.08227605906516
9511,BBB pass,4.398607641,4.279699411416032
9515,BBB pass,3.28109803,3.0007021453431815
9516,BBB pass,4.093196891,4.462273360275609
9520,BBB pass,4.111848349,3.8113247603807796
9521,BBB pass,4.084654143,3.935558597429966
9523,BBB pass,4.180636693,3.9004761425662964
9527,BBB pass,4.162675334,3.8749688008851515
9530,BBB pass,3.937900114,3.8141668110125067
9531,BBB pass,4.187777587,3.96796401353963
9532,BBB pass,4.226275927,3.9758456907363953
9533,BBB pass,3.906762525,3.982665800398344
9534,BBB pass,4.017909396,4.0321733133992845
9535,BBB pass,4.029121839,4.098578690454837
9536,BBB pass,4.089422747,3.959616017418834
9537,BBB pass,4.019683419,3.996246762106065
9539,BBB pass,4.122053453,3.906895439857355
9546,BBB pass,4.070282837,3.9347904126235056
9551,BBB pass,3.836909529,4.128374737721952
9555,BBB pass,4.620422366,4.001518526693044
9608,BBB pass,3.747327045,3.809184525900064
9612,BBB pass,4.858777737,4.1280343205312775
9627,BBB pass,4.390536902,4.617436773049314
9641,BBB pass,4.109797832,4.339800729866256
9642,BBB pass,4.051805885,4.312889139104234
9649,BBB pass,4.086170358,3.9084013343043305
9655,BBB pass,3.349798223,3.684162418845966
9657,BBB pass,3.285622561,3.4464411124566436
9660,BBB pass,2.47751556,2.5226355092792776
9670,BBB pass,3.418886035,3.60359977823193
9682,BBB pass,3.0027962,3.534045655127105
9683,BBB pass,2.995801713,3.41471493476174
9708,BBB pass,4.379316095,3.8909884102475645
9720,BBB pass,3.891196451,3.6528563164292343
9721,BBB pass,4.2661796,4.2843203701346795
9724,BBB pass,3.741605252,3.625393884351345
9727,BBB pass,4.317421561,4.684831977123791
9728,BBB pass,4.422156911,4.703034584392618
9729,BBB pass,4.499655013,4.164362118608191
9731,BBB pass,4.525129531,4.312034304121478
9733,BBB pass,4.32960972,4.6608275669110295
9736,BBB pass,4.956392566,4.598323607079493
9756,BBB pass,4.128326675,3.959957053699455
9757,BBB pass,4.034923386,4.0997270598896645
9758,BBB pass,4.218666325,4.125773948458612
9763,BBB pass,3.984158119,4.306731834960242
9764,BBB pass,4.328304836,3.995001402449863
9765,BBB pass,2.350438875,2.9638649951476963
9768,BBB pass,4.751099394,3.9774978105959846
9777,BBB pass,3.953519424,3.763961910865418
9782,BBB pass,4.39387181,4.218543745008237
9829,BBB pass,3.383285289,3.6545694975245944
9864,BBB pass,2.227770245,3.0748734765318986
9870,BBB pass,3.721619385,4.06371551143782
9901,BBB pass,3.368463408,3.647636952796179
9910,BBB pass,5.814400694,3.703372847334974
9931,BBB pass,4.646667862,5.53002161437488
9948,BBB pass,5.384675364,5.160492176672871
9951,BBB pass,4.005505866,4.141225914589974
9966,BBB pass,4.017612807,4.1603179438598925
9968,BBB pass,5.80524856,5.09976005859807
9983,BBB pass,3.391564907,3.0173668349873832
9988,BBB pass,4.756474454,4.488904064946588
10035,BBB pass,3.72012353,4.209031134166591
10036,BBB pass,2.857831648,4.208527791149595
10039,BBB pass,4.763026332,4.486978490075753
10041,BBB pass,3.473509909,4.624145680893206
10043,BBB pass,3.097689114,3.5106312704716096
10046,BBB pass,4.816826043,4.212026432370006
10070,BBB pass,3.555448685,3.4938405292134167
10071,BBB pass,3.606743172,3.613473797285425
10080,BBB pass,3.434218065,3.2443185160504977
10088,BBB pass,3.81280347,4.012305821599769
10092,BBB pass,3.748786884,3.924215652220247
10098,BBB pass,3.770360534,4.054058344424107
10104,BBB pass,4.435961096,4.834818708893842
10105,BBB pass,4.585723416,4.936469497943134
10106,BBB pass,4.584968626,3.7046278860695097
10118,BBB pass,3.164892909,3.394366136910733
10122,BBB pass,3.992601712,3.868484337034635
10133,BBB pass,4.918796253,4.602440142170829
10137,BBB pass,4.540534371,3.7282539643353987
10143,BBB pass,3.792585038,4.5493018361701125
10148,BBB pass,4.527145254,4.353658576979759
10166,BBB pass,3.103136006,3.91913783691805
10174,BBB pass,3.871920319,3.730812387423386
10176,BBB pass,3.882904832,3.9029852736627753
10177,BBB pass,3.795195507,3.575653975336734
10178,BBB pass,4.148784258,3.6582415425111168
10180,BBB pass,3.581501657,3.651288767946529
10191,BBB pass,3.524423662,4.172261413076149
10202,BBB pass,3.451089822,3.0953276905734466
10204,BBB pass,3.091133286,2.8427443697234582
10207,BBB pass,3.00327103,2.679262000619058
10218,BBB pass,3.606942541,3.989160093919632
10236,BBB pass,3.53121881,3.574892059142139
10238,BBB pass,2.547619353,2.720335259995864
10249,BBB pass,2.574603745,3.011685241952616
10273,BBB pass,3.61790537,3.716236891900858
10274,BBB pass,3.606769004,3.7910890049488035
10275,BBB pass,3.954872125,3.9993768353718693
10276,BBB pass,3.90229782,3.943692256466011
10277,BBB pass,3.689689728,3.8865953163648452
10279,BBB pass,3.57581727,3.4071132766042336
10280,BBB pass,3.535718287,3.449942205633671
10284,BBB pass,3.317471345,3.607741534721341
10293,BBB pass,3.626832904,3.5962609554580416
10323,BBB pass,4.631081222,3.722567568995639
10372,BBB pass,3.089708909,3.3464087114092433
10383,BBB pass,2.902919878,3.548819978382394
10384,BBB pass,3.266334938,3.504974148061043
10408,BBB pass,3.886385805,4.195093995763441
10419,BBB pass,3.420511884,3.6702007971082997
10441,BBB pass,3.823624088,3.7940443614243144
10442,BBB pass,3.447726895,3.8852286563642107
10452,BBB pass,4.003478997,3.1875112042306117
10493,BBB pass,3.822890256,3.6887333126020976
10517,BBB pass,3.33542794,3.87635517587135
10518,BBB pass,3.606145188,3.5754979466876287
10519,BBB pass,3.505410477,3.6689886076506424
10523,BBB pass,3.901761809,3.606718883434184
10532,BBB pass,3.600646236,3.0736038277458713
10541,BBB pass,2.980890582,3.401008066101109
10560,BBB pass,3.576824499,3.382993129932154
10605,BBB pass,3.306302288,3.8743344878463355
10608,BBB pass,3.118841344,3.087284606470735
10609,BBB pass,5.997987076,4.757898456238568
10619,BBB pass,3.064056068,3.1939447003680606
10620,BBB pass,3.636548788,3.6168685326225516
10633,BBB pass,3.612176252,3.5888410515671807
10634,BBB pass,4.087722278,3.1625220983958293
10635,BBB pass,3.283834721,3.4829236626080813
10645,BBB pass,3.802439232,4.398051726594304
10650,BBB pass,4.048454752,4.177866499876533
10655,BBB pass,3.604596296,3.6108665928909205
10661,BBB pass,3.103223895,3.1187504504736827
10662,BBB pass,2.989907066,3.548621083449442
10665,BBB pass,4.298095128,2.8422415715420595
10671,BBB pass,3.71436569,3.2115279541639294
10690,BBB pass,3.52816696,3.729814714143061
10706,BBB pass,3.549209144,4.88546466178885
10709,BBB pass,4.235228152,4.072233244538565
10710,BBB pass,4.215077704,3.7852396747900228
10711,BBB pass,3.905151089,3.768145724984864
10723,BBB pass,3.414896319,3.8344676542403544
10724,BBB pass,3.776291181,3.7751329018181456
10727,BBB pass,2.988348348,3.3401588430529046
10729,BBB pass,3.028677419,3.370764612649745
10745,BBB pass,3.543342877,3.5847568245531174
10749,BBB pass,3.702622837,3.648271686960204
10750,BBB pass,3.72367845,3.8754423812905885
10752,BBB pass,3.594771268,3.189864443575106
10754,BBB pass,2.811300553,3.400994982708136
10764,BBB pass,2.740794302,3.2678449075439575
10770,BBB pass,4.28530471,3.50893943426253
10773,BBB pass,3.694846407,3.832914366414384
10774,BBB pass,3.464358375,3.9693813918879313
10786,BBB pass,4.212990276,3.1726401263272104
10790,BBB pass,3.585473138,3.662836830042228
10793,BBB pass,3.53121881,3.631085953340824
10794,BBB pass,2.783208813,3.601831349371491
10795,BBB pass,3.670625165,3.875856093200834
10810,BBB pass,2.794457063,2.9656377493669352
10823,BBB pass,3.209222736,3.521855589366006
10828,BBB pass,3.560058285,3.2967509471014584
10838,BBB pass,2.829780029,3.000649534030479
10859,BBB pass,3.631563343,3.5050949145404187
10868,BBB pass,3.582858462,3.549871300017238
10870,BBB pass,2.965473475,3.1069417240100377
10873,BBB pass,3.872994489,3.723147502161624
10891,BBB pass,3.520310567,3.9265550509897134
10897,BBB pass,3.685120163,3.611280438715554
10907,BBB pass,6.083230205,3.6473655789997927
10911,BBB pass,4.309777982,3.834589214752921
10931,BBB pass,3.336847166,3.3536073822752424
10937,BBB pass,3.032019077,3.8341234876267793
10938,BBB pass,3.016548925,3.3084215761471714
10956,BBB pass,2.762648091,3.0977244081527493
10978,BBB pass,3.762486835,2.582012241328804
10984,BBB pass,3.709266932,3.5699555923443076
10985,BBB pass,3.425371166,3.890915693862671
11011,BBB pass,3.028422125,3.4996794667876685
11021,BBB pass,3.888378898,3.4962763364531453
11024,BBB pass,3.848771745,3.8220239175461477
11030,BBB pass,3.443655631,3.6118625667939805
11039,BBB pass,3.026433384,3.30597005017359
11042,BBB pass,3.189321841,3.05531881413069
11045,BBB pass,3.553453893,3.567390541489009
11070,BBB pass,3.68690108,3.200020945468422
11088,BBB pass,3.20920959,3.2451275762540344
11123,BBB pass,3.524273226,3.3481414007561128
11129,BBB pass,3.826625424,3.377382562177423
11133,BBB pass,3.333837238,3.601822028361273
11135,BBB pass,4.354312785,3.5199469737517397
11145,BBB pass,3.061793332,3.0739642921497836
11146,BBB pass,2.994302027,3.844575059561654
11148,BBB pass,3.461959203,3.190772907281121
11153,BBB pass,3.258811487,3.6843894619641167
11210,BBB pass,4.127311813,3.3986919564633746
11212,BBB pass,4.590405861,3.7318868787588344
11218,BBB pass,3.77350957,3.559516700778259
11221,BBB pass,3.144443822,3.4501502512602458
11222,BBB pass,4.142471948,3.8864372534544893
11238,BBB pass,3.555493909,3.134308667912766
11244,BBB pass,3.265108829,3.701187216563298
11260,BBB pass,3.239464933,3.766604867779747
11309,BBB pass,4.065432394,4.046122551262523
11311,BBB pass,3.059555004,3.232980722867946
11313,BBB pass,4.099294967,3.181670273358649
11315,BBB pass,3.067436646,3.3212998132163367
11346,BBB pass,2.94098315,4.198756338579355
11347,BBB pass,3.168486025,3.3692553965728145
11354,BBB pass,3.131742982,3.424685709248046
11367,BBB pass,3.203233105,3.704069154117445
11396,BBB pass,3.536694769,3.6759189767497404
11407,BBB pass,3.320655089,4.133762808765276
11457,BBB pass,3.407921762,3.482439535540024
11467,BBB pass,3.161983233,3.566670706417098
11477,BBB pass,3.231926696,3.5627842879027454
11485,BBB pass,2.918487585,3.080030643231474
11491,BBB pass,3.520048365,3.4810966302336155
11493,BBB pass,2.834840334,2.778929259958399
11499,BBB pass,2.967310992,3.449917622485655
11507,BBB pass,4.116032537,3.7332852331470243
11525,BBB pass,3.401831175,3.510394518944606
11608,BBB pass,3.693255726,3.776315390993443
11609,BBB pass,3.447705208,3.6806457266858645
11626,BBB pass,3.235743016,3.453660599239656
11669,BBB pass,4.062729472,4.147848265881173
11671,BBB pass,4.299192748,4.490479592612242
11680,BBB pass,4.218768994,3.988408064720189
11681,BBB pass,4.631549032,4.1945172685801495
11682,BBB pass,4.321431335,4.066543334087984
11683,BBB pass,4.212419724,4.23896579458725
11697,BBB pass,5.073726495,3.7178895818444238
11700,BBB pass,3.540181943,3.316169093111614
11708,BBB pass,2.713440824,3.2532908394876743
11721,BBB pass,3.46500627,3.3749580979397567
11722,BBB pass,3.524204936,3.4965596629348705
11723,BBB pass,3.552036692,3.626712560403207
11725,BBB pass,3.375634007,3.2867015762084786
11773,BBB pass,3.447728444,3.499641978305741
11778,BBB pass,4.571661869,4.03831654531654
11807,BBB pass,3.536287018,3.8250592464638262
11814,BBB pass,2.549419718,2.973785120326047
11819,BBB pass,3.582357823,3.935913872521649
11820,BBB pass,4.515012922,4.184019632798925
11830,BBB pass,3.506750184,3.292823338344058
11878,BBB pass,4.156163422,4.212488965066664
11913,BBB pass,4.011872858,4.108345625275092
11947,BBB pass,3.882841036,3.844743293328322
11949,BBB pass,3.557715534,3.7266223401916423
11950,BBB pass,3.335024393,3.793073263243513
11955,BBB pass,3.627511757,3.6003610046951797
11987,BBB pass,3.261826194,3.5008381244245834
11990,BBB pass,3.022128315,3.881568078785245
11994,BBB pass,2.493860192,3.164204330267647
11995,BBB pass,3.798189524,3.745555821505944
12014,BBB pass,3.765242671,3.2632267007414275
12062,BBB pass,3.410267409,3.5000590715717332
12103,BBB pass,3.321324969,3.475074455835208
12107,BBB pass,3.329033611,3.1142336697490136
12113,BBB pass,2.662356396,3.202026083032807
12116,BBB pass,3.920931124,4.146107418873801
12215,BBB pass,3.971713721,3.938994739515918
12218,BBB pass,2.951464031,3.234089275595877
12231,BBB pass,2.902710037,4.006284160729686
12264,BBB pass,2.568651924,3.192664678273444
12281,BBB pass,4.301548668,3.7874702238500775
12290,BBB pass,3.670698008,3.632487278631364
12300,BBB pass,1.898139879,2.826607572404525
12370,BBB pass,3.976812918,3.8134624648143576
12371,BBB pass,3.930774435,3.847860796772773
12376,BBB pass,4.017669004,3.88448122683891
12379,BBB pass,3.570584633,3.9285354642848764
12384,BBB pass,3.642586383,3.882799437654873
12387,BBB pass,3.930774435,3.8917187805384295
12430,BBB pass,3.677962029,3.7123618443248887
12451,BBB pass,3.89436474,4.104881275958489
12457,BBB pass,4.378402444,4.2943222183811525
12497,BBB pass,4.752361291,3.7149351071835306
12509,BBB pass,3.2955671,3.7286893172618427
12511,BBB pass,4.457168584,4.287466568935118
12514,BBB pass,3.058861619,3.3905720526413776
12532,BBB pass,4.156553694,4.3256205372092715
12547,BBB pass,3.694067482,3.7216961850250154
12560,BBB pass,4.228636436,4.031933288223453
12561,BBB pass,3.686961677,3.0300519023990278
12567,BBB pass,3.594771268,3.1908195972807705
12572,BBB pass,4.069637269,3.5085599305669595
12573,BBB pass,3.263046353,3.3604970916386314
12576,BBB pass,3.328854417,3.129389506174809
12579,BBB pass,3.592818918,3.072744705743749
12582,BBB pass,3.193817247,3.015807300141393
12611,BBB pass,5.126264927,3.772176471232734
12614,BBB pass,4.019857428,3.886346054076294
12629,BBB pass,4.960345924,3.9532653917872813
12633,BBB pass,4.939535517,4.164263387839376
12641,BBB pass,3.874776905,3.7296346404894494
12653,BBB pass,5.399358662,3.9281602421815984
12659,BBB pass,4.420282349,4.136149771995128
12664,BBB pass,3.447645822,3.3478446107028548
12675,BBB pass,4.022471199,3.97891290961159
12676,BBB pass,4.084764708,3.889732894869529
12686,BBB pass,4.107042176,3.8880103546495666
12694,BBB pass,4.122187198,3.9387474673586627
12711,BBB pass,4.513007951,3.920692530404142
12723,BBB pass,3.546571579,3.3014128630576556
12738,BBB pass,4.143660034,3.8497055887686247
12741,BBB pass,3.650800804,3.887747016369834
12749,BBB pass,3.847757688,3.5693255706470675
12760,BBB pass,4.34016923,4.1720332494702355
12783,BBB pass,3.487253418,3.31972871304631
12808,BBB pass,3.438373028,3.5939469923984486
12813,BBB pass,4.711863445,4.10150531270792
12828,BBB pass,3.749217148,3.3632393636261737
12830,BBB pass,3.307213937,3.824957438032289
12836,BBB pass,3.320837697,3.924919018666253
12841,BBB pass,2.810106447,3.344956282593631
12844,BBB pass,2.813409171,2.9974241347629706
12855,BBB pass,4.382719275,3.981930207622727
12858,BBB pass,4.114496606,4.22948572158803
12861,BBB pass,4.223562276,3.8295263551964767
12870,BBB pass,3.995305611,3.8301495241629118
12875,BBB pass,3.919069953,3.884967825047614
12886,BBB pass,3.566288044,3.600157012098431
12888,BBB pass,3.574785458,3.727504794101195
12895,BBB pass,3.590915442,3.52406116804041
12896,BBB pass,3.6026548,3.677409427939534
12922,BBB pass,3.682191831,3.552147695159996
12926,BBB pass,3.754872319,4.201076929636882
12927,BBB pass,3.879321717,3.8480596563958827
12928,BBB pass,3.672323857,3.437945596525502
12931,BBB pass,3.648551672,3.396356152018669
12932,BBB pass,4.238019604,3.6556334616821364
12933,BBB pass,3.623402522,3.80456234641539
12934,BBB pass,3.70289533,3.801307207856734
12970,BBB pass,3.986767537,3.8253880632940955
12982,BBB pass,3.560058285,3.4299959563778692
12985,BBB pass,3.51385963,3.2877976356087344
12998,BBB pass,3.704167376,4.125835362699359
12999,BBB pass,3.719217311,3.888056853874838
13019,BBB pass,4.449009139,3.7834196678222
13039,BBB pass,4.061284685,4.010298584601279
13040,BBB pass,4.074831395,4.037990825115312
13058,BBB pass,3.750630974,3.6528940760987365
13060,BBB pass,3.634351296,3.558498648051457
13092,BBB pass,3.457484646,3.936825298006978
13093,BBB pass,3.933830926,3.523973900791709
13097,BBB pass,3.92569232,3.5150829518862565
13108,BBB pass,3.985892805,3.817106983593496
13135,BBB pass,4.26515338,4.044370986338633
13143,BBB pass,4.275484116,4.076493537195724
13144,BBB pass,4.36630019,3.9582434265872752
13147,BBB pass,3.785140362,4.036718957043553
13161,BBB pass,4.141101222,3.833053719800675
13198,BBB pass,3.585280206,3.6328062799233662
13200,BBB pass,3.413958252,3.765745607379022
13201,BBB pass,3.389814383,3.6679622031679298
13220,BBB pass,3.574942101,3.7385745225633062
13225,BBB pass,3.617911657,3.650666240557324
13231,BBB pass,4.092771668,4.305385286762816
13241,BBB pass,3.511944916,3.814497723616452
13254,BBB pass,3.923654107,3.700655510141872
13284,BBB pass,3.356259818,3.8670377102917604
13287,BBB pass,3.868346824,3.7372632313637615
13289,BBB pass,3.854470878,3.770968286217427
13293,BBB pass,3.590865709,3.6102984083077443
13299,BBB pass,4.228224929,3.7615366578704967
13301,BBB pass,3.740967179,3.7633292397942384
13306,BBB pass,3.831626045,3.389844145144063
13311,BBB pass,3.805800123,3.3250346201591006
13323,BBB pass,3.874334073,3.874114700810924
13327,BBB pass,3.524310331,3.528868372046623
13329,BBB pass,3.808192061,3.65045835271701
13334,BBB pass,3.619185955,4.027258919368935
13335,BBB pass,3.704230208,3.9124335973667383
13338,BBB pass,4.055070257,3.0082747022752616
13340,BBB pass,4.910719668,4.18880261830688
13344,BBB pass,4.87818314,4.190979650399934
13354,BBB pass,4.940987593,3.9859655258888504
13355,BBB pass,4.169402548,4.0541244358480055
13357,BBB pass,3.551690828,3.918824593684249
13362,BBB pass,3.835603366,3.8774678992989338
13364,BBB pass,3.319610368,3.825978190343014
13371,BBB pass,4.248371329,3.7520380582001542
13372,BBB pass,3.643216429,3.5099503545714645
13406,BBB pass,4.477931182,3.636320789006932
13407,BBB pass,3.472505702,3.531233505856567
13409,BBB pass,3.912695783,3.7469861928278605
13438,BBB pass,3.653904765,3.955708594992956
13444,BBB pass,3.73139496,4.022313069704377
13451,BBB pass,3.887453525,3.9154737094493823
13457,BBB pass,2.981075278,3.269779533312611
13463,BBB pass,2.950894254,3.2075928749227463
13464,BBB pass,2.621685085,2.948664160008576
13465,BBB pass,4.178955376,2.818758325679027
13467,BBB pass,2.897096818,3.016310314666203
13468,BBB pass,2.798431026,3.49266070314756
13471,BBB pass,2.954846241,3.0793415143920724
13474,BBB pass,2.778605574,3.3552508225531463
13475,BBB pass,4.024239306,3.5546131852212013
13476,BBB pass,4.000560746,3.499679631180641
13512,BBB pass,3.437245177,3.452972856471327
13513,BBB pass,3.564118413,3.277335219624294
13536,BBB pass,3.391404456,3.2655559330259405
13546,BBB pass,3.13112251,3.7298140811639304
13551,BBB pass,3.495422912,4.185453082505786
13567,BBB pass,3.688572358,3.4681752471413834
13600,BBB pass,3.684149395,3.499730082872001
13601,BBB pass,4.590865709,3.694060951902846
13611,BBB pass,3.937900114,3.6744101472129085
13614,BBB pass,3.311342707,3.7033953540437556
13676,BBB pass,3.645032577,4.079979117582652
13684,BBB pass,3.908123914,3.828329733611533
13687,BBB pass,3.949061966,3.591918455949943
13691,BBB pass,3.288423624,3.299414853006899
13697,BBB pass,3.902131932,4.063884175505098
13702,BBB pass,4.040275004,3.7546140175969156
13716,BBB pass,3.505193941,3.5486297834579617
13720,BBB pass,4.006098626,3.8364332086442645
13732,BBB pass,3.333086388,3.378016695944127
13744,BBB pass,4.16361353,3.7495184358017504
13747,BBB pass,3.928558609,3.840637175361677
13750,BBB pass,3.758886221,3.438824749953475
13752,BBB pass,3.79236,3.607303746782702
13760,BBB pass,3.798697495,3.793266155097171
13764,BBB pass,3.604478701,3.4970756696299587
13770,BBB pass,3.982103439,3.6872426503064757
13772,BBB pass,3.639802988,3.9591778588166284
13775,BBB pass,3.614126654,3.8445507000240835
13804,BBB pass,4.064383104,3.659537246782033
13821,BBB pass,3.68426352,3.4444076759835123
13837,BBB pass,3.995279229,3.895260460250989
13859,BBB pass,4.311142594,3.9056174284823486
13882,BBB pass,3.461461008,3.6967356911982603
13886,BBB pass,3.742344915,3.8083311409582237
13893,BBB pass,3.494627606,3.416725616281822
13894,BBB pass,3.818967784,3.9738604131984845
13898,BBB pass,3.471078748,4.171614455110048
13901,BBB pass,3.377488383,3.7312641694517454
13904,BBB pass,3.801100721,3.359120458344261
13908,BBB pass,4.099371746,3.5823570634570885
13917,BBB pass,3.902352788,3.614596408200541
13919,BBB pass,3.323890064,3.768911462434362
13923,BBB pass,3.467089899,4.1636636891112575
13930,BBB pass,4.032593581,3.808705916889857
13932,BBB pass,4.381537432,3.910169983766535
13936,BBB pass,4.825146266,4.075503683414184
13951,BBB pass,4.186841801,3.7549870014597517
13954,BBB pass,4.26759408,3.881537225472987
13957,BBB pass,4.28873922,3.9789423548789853
13958,BBB pass,3.920990266,3.977140551434879
13964,BBB pass,4.920990266,3.9942653537737702
13975,BBB pass,3.690751255,3.6120878555771245
13999,BBB pass,3.720383779,3.8558167806892527
14003,BBB pass,3.744883658,4.075040157625519
14038,BBB pass,4.029689643,3.5003697518184516
14041,BBB pass,4.304055872,4.435253756928495
14042,BBB pass,4.037040342,4.14654776668069
14063,BBB pass,4.543969045,3.9199346812262688
14067,BBB pass,4.553537704,4.163895261635703
14069,BBB pass,3.610142533,4.183745427680241
14070,BBB pass,4.507009018,4.060370825333256
14071,BBB pass,4.04620102,3.920156394146114
14072,BBB pass,4.095419043,3.834563019773208
14073,BBB pass,4.174350597,3.9853566293431326
14074,BBB pass,3.935089453,4.077654826262382
14075,BBB pass,4.819074293,4.095010286869792
14077,BBB pass,4.130921204,3.8835602118946078
14081,BBB pass,4.502577322,4.138532652735938
14084,BBB pass,3.806229653,3.5573065618343733
14086,BBB pass,3.539615494,3.7389218621255775
14095,BBB pass,3.822252164,3.854095099425188
14100,BBB pass,3.780043284,3.912655213113341
14110,BBB pass,3.904644554,3.5329862858624628
14120,BBB pass,3.815554921,4.580399053771995
14124,BBB pass,3.493660085,3.6538604861119968
14130,BBB pass,3.415258111,4.14876975708298
14143,BBB pass,3.443598816,3.570754790068602
14147,BBB pass,3.570328158,3.083876874597982
14154,BBB pass,3.399676158,3.1287942332026524
14166,BBB pass,3.819374133,4.092691604445541
14183,BBB pass,3.384392845,3.8670872662159823
14187,BBB pass,3.494408786,4.0955316672438355
14190,BBB pass,3.283427879,3.374686834165779
14195,BBB pass,3.782568594,3.955159144586473
14203,BBB pass,4.756388405,4.163272439501471
14216,BBB pass,4.115697267,4.037221988757297
14220,BBB pass,3.792600531,3.7378923117273444
14241,BBB pass,4.065041648,3.8773739629675585
14259,BBB pass,4.183666777,3.7987427830483975
14268,BBB pass,3.586748006,3.4956116936632333
14273,BBB pass,4.605483182,3.921300434622472
14277,BBB pass,3.545390763,3.814520786918846
14288,BBB pass,3.662734441,3.645339790979324
14291,BBB pass,3.566644485,3.657603166774407
14292,BBB pass,3.409396871,3.546631755275259
14313,BBB pass,2.848269612,3.1532880395190603
14314,BBB pass,3.650420482,3.669031869281075
14319,BBB pass,2.850673061,3.1294041125401737
14323,BBB pass,2.559048291,3.43680492912102
14331,BBB pass,2.933797207,3.275738098453542
14332,BBB pass,3.760823612,3.774683357661952
14351,BBB pass,3.885158854,3.981863316298722
14379,BBB pass,2.986261235,3.3865517594077326
14385,BBB pass,3.266456445,3.7005599548276438
14402,BBB pass,3.560329345,4.501426306212187
14407,BBB pass,3.111659205,3.4836886267238634
14409,BBB pass,3.576149963,3.753421359528806
14410,BBB pass,3.014563515,3.588252080250648
14425,BBB pass,3.885727219,3.7650910800194675
14426,BBB pass,3.547497341,3.740559059381147
14427,BBB pass,3.588242309,3.5238822724686387
14563,BBB pass,3.577674359,3.8681782118502013
14564,BBB pass,3.577674359,3.711383462712812
14576,BBB pass,4.078123912,3.9726318457143783
14588,BBB pass,4.345905809,3.473000498318904
14624,BBB pass,3.519026894,3.967363745931943
14647,BBB pass,3.701944694,3.3022711481166036
14652,BBB pass,3.763868739,3.518155180863236
14653,BBB pass,3.910280403,3.820526228963389
14654,BBB pass,3.664026667,3.4890720358269576
14655,BBB pass,3.760641327,3.6176100287483566
14656,BBB pass,3.723729243,3.5124690782848966
14657,BBB pass,3.635679596,3.6971367241743436
14658,BBB pass,3.674184646,3.716728226529404
14660,BBB pass,3.695562893,3.396325609092998
14661,BBB pass,3.674008856,3.5424345864460185
14680,BBB pass,3.146725773,2.9435514209287517
14681,BBB pass,3.630935428,3.1492334019019466
14683,BBB pass,3.481708171,3.578794996839339
14684,BBB pass,3.524350741,3.398704908215594
14685,BBB pass,3.122199676,3.4458076721563575
14692,BBB pass,3.997117161,3.7646261817840188
14785,BBB pass,3.902270627,3.887837974380786
14812,BBB pass,3.430262504,3.4470753976020703
14819,BBB pass,3.750921121,3.9134771570861244
14842,BBB pass,3.491895283,3.811961951980001
14907,BBB pass,3.66275984,3.392899588150613
14919,BBB pass,3.418090851,3.4833481714801175
14922,BBB pass,4.115716499,3.5654566398311287
14948,BBB pass,3.266562283,3.650646893728698
14987,BBB pass,3.634790827,3.5718012266040624
14989,BBB pass,3.347276592,3.3049295659557365
15005,BBB pass,3.586141146,3.6237626303145913
15008,BBB pass,3.717902482,3.6663068645709282
15023,BBB pass,3.203777786,4.1674791490644845
15024,BBB pass,3.52956967,4.492232083497791
15045,BBB pass,4.608965526,3.315793890656853
15071,BBB pass,3.590403028,3.3837405644860787
15097,BBB pass,3.788426202,3.8976913685166643
15113,BBB pass,4.310177658,3.505498679115028
15125,BBB pass,3.759454799,3.5653591809156806
15134,BBB pass,4.169343739,4.122358275491308
15152,BBB pass,4.021787037,3.7234602597670197
15163,BBB pass,3.030368054,3.49168090915913
15165,BBB pass,2.990780227,3.27894044659441
15167,BBB pass,3.411927866,3.4106565334418653
15176,BBB pass,2.963714062,3.7632961429881258
15180,BBB pass,3.236045253,3.2879098662917867
15201,BBB pass,2.779147777,3.6875881309622613
15205,BBB pass,3.136287113,3.401866178733338
15210,BBB pass,3.158337076,3.533480645437986
15237,BBB pass,2.970158752,2.788016269765081
15242,BBB pass,2.990780227,3.1362793341002084
15248,BBB pass,3.878898225,3.675474831150869
15267,BBB pass,3.028521549,3.028564054880445
15273,BBB pass,3.855218359,2.8934874066789096
15280,BBB pass,3.769476234,3.253452519244956
15281,BBB pass,3.558782486,3.731949089204696
15282,BBB pass,3.717814293,3.7791776318542594
15291,BBB pass,4.527817846,4.070217715994195
15293,BBB pass,3.515833647,3.402903757072011
15308,BBB pass,2.140903248,3.1182076589776733
15317,BBB pass,3.305252391,3.3636012694827184
15319,BBB pass,2.75097487,2.7596759151529917
15324,BBB pass,3.144818008,3.2245404060725953
15357,BBB pass,3.847262558,3.847717790759648
15365,BBB pass,3.765648601,3.7699505100759403
15366,BBB pass,3.783918885,3.792489431982871
15370,BBB pass,4.956880461,3.7315406719991566
15375,BBB pass,3.564048962,3.602136946949363
15381,BBB pass,3.929937326,4.040442812753099
15388,BBB pass,5.617480527,3.5188161866175185
15389,BBB pass,4.771707477,4.445244694017701
15412,BBB pass,3.968063921,3.3776433705040416
15418,BBB pass,2.952229911,3.39561209951447
15427,BBB pass,2.915484845,2.945795333232491
15477,BBB pass,2.977275365,2.5278577718258326
15478,BBB pass,3.291314079,2.974386113589056
15538,BBB pass,3.442829595,4.062966119942132
15546,BBB pass,3.848476498,3.7427996761558364
15588,BBB pass,3.404690984,3.4813261299482092
15607,BBB pass,3.422826667,3.4301157407096423
15616,BBB pass,3.56202294,3.1510078431083435
15620,BBB pass,2.858851,3.61828895596569
15624,BBB pass,3.673840117,3.0988716098356424
15628,BBB pass,3.274596542,3.2970346690223757
15639,BBB pass,3.675095211,3.7802704877543913
15642,BBB pass,3.638201629,3.911886329517767
15643,BBB pass,3.762271456,3.9473836095134205
15655,BBB pass,3.508505671,3.4062081868140734
15667,BBB pass,3.123180586,3.7198922082389436
15692,BBB pass,3.21550009,3.410193883134587
15737,BBB pass,6.311204113,4.849438005138867
15750,BBB pass,3.900252736,3.4404952375100124
15755,BBB pass,3.356917072,3.3989656758458104
15757,BBB pass,5.716188714,4.99893812357964
15773,BBB pass,3.966185998,3.4852557077089292
15774,BBB pass,3.635192779,3.3429175740849235
15775,BBB pass,3.568151621,3.5184713157711607
15776,BBB pass,3.558315488,3.49597071665668
15795,BBB pass,3.792664289,3.9866516243995793
15847,BBB pass,3.48355933,3.5747611218962714
15860,BBB pass,3.282622113,3.492283367153118
15862,BBB pass,4.11454921,4.404490473430336
15872,BBB pass,3.908173633,3.8569900425999744
15890,BBB pass,3.510497388,3.7609500706720396
15891,BBB pass,3.589704353,3.767812610267446
15897,BBB pass,4.042011311,4.063435765840189
15921,BBB pass,3.782228551,3.8911919237989165
15923,BBB pass,3.466040735,3.319375869210446
15947,BBB pass,3.176663737,3.3217180724978252
15951,BBB pass,3.172350715,3.6550993320317513
15952,BBB pass,3.138375301,3.388592424307301
15968,BBB pass,3.117094709,3.6403919496357466
16048,BBB pass,4.37267671,4.36272047363303
16050,BBB pass,4.01479626,3.9789856554377243
16073,BBB pass,3.662455946,3.8799199617425026
16090,BBB pass,3.535339338,3.5889028484182557
16095,BBB pass,2.915221561,2.6034334468176255
16100,BBB pass,3.262828062,3.3171415371328843
16148,BBB pass,3.086383173,3.281248626673064
16163,BBB pass,3.408642406,3.4988458722481446
16172,BBB pass,3.494333057,3.6208180908813636
16178,BBB pass,4.002712722,3.8417785975228744
16198,BBB pass,4.346692745,4.07742681443229
16215,BBB pass,3.896819598,4.147057996744936
16216,BBB pass,3.802676597,4.176912740028751
16256,BBB pass,3.725007531,3.7688430013037904
16258,BBB pass,4.657043098,3.7141755445237656
16290,BBB pass,4.410142158,3.7989216156495402
16296,BBB pass,3.912390149,4.001533865948847
16301,BBB pass,4.226357326,4.0764010868867855
16325,BBB pass,3.890950768,4.123807441313568
16328,BBB pass,4.191674532,3.6213442692645494
16380,BBB pass,3.009732595,3.514834383568751
16381,BBB pass,2.515264204,3.1492871913096767
16382,BBB pass,2.915119743,3.462726781524708
16400,BBB pass,4.072508706,3.8436682430675644
16409,BBB pass,3.767343205,3.968910842479735
16414,BBB pass,4.509793728,3.7268760767690443
16425,BBB pass,5.515582067,4.732168749415027
16440,BBB pass,3.942734224,4.044848327893382
16441,BBB pass,3.723525372,3.8715651618064317
16444,BBB pass,4.372251471,3.917005521977298
16447,BBB pass,3.924368319,4.059343882877098
16452,BBB pass,3.546890629,3.478820672431685
16456,BBB pass,3.257482286,3.7222861943723276
16462,BBB pass,3.562014436,3.4388703297561647
16471,BBB pass,3.622803442,3.4340959315119686
16473,BBB pass,3.206810761,3.8070017143597896
16480,BBB pass,3.41385276,3.3245534459788355
16488,BBB pass,3.439414807,3.252861002428504
16492,BBB pass,2.624558393,3.0160589324590803
16493,BBB pass,3.723947976,3.870279605965762
