model,rank,feature,display_feature,group,mean_abs_shap
Baseline,1,logP,logP,PhysChem,0.11838763097700765
Baseline,2,"MW, g/mol","MW, g/mol",PhysChem,0.09908187898894733
Baseline,3,FP_414,FP_414,Fingerprints,0.059618669099920744
Baseline,4,FP_926,FP_926,Fingerprints,0.026145943946888142
Baseline,5,FP_389,FP_389,Fingerprints,0.021826114483601517
Baseline,6,FP_1911,FP_1911,Fingerprints,0.020844223271922747
Baseline,7,FP_947,FP_947,Fingerprints,0.019991547275012633
Baseline,8,FP_715,FP_715,Fingerprints,0.019803290032063575
Baseline,9,FP_1028,FP_1028,Fingerprints,0.019328214666943674
Baseline,10,FP_80,FP_80,Fingerprints,0.018856640370600062
Baseline,11,4mqs,CHRM2,Proteins,0.018827089526405362
Baseline,12,FP_456,FP_456,Fingerprints,0.018671517145121174
Baseline,13,FP_807,FP_807,Fingerprints,0.01846771658785721
Baseline,14,8fhs,CACNA1C,Proteins,0.0174899944637572
Baseline,15,3ln1,PTGS2,Proteins,0.016567050099534256
Baseline,16,9eo4,SLC6A3,Proteins,0.01618503633936764
Baseline,17,FP_1226,FP_1226,Fingerprints,0.015452722856175327
Baseline,18,FP_426,FP_426,Fingerprints,0.015323278521774085
Baseline,19,FP_650,FP_650,Fingerprints,0.015169286715892356
Baseline,20,8st0,CHRNA1/4,Proteins,0.014986544623291584
Baseline,21,3b66,AR,Proteins,0.014800220694240123
Baseline,22,FP_1737,FP_1737,Fingerprints,0.014248916505237408
Baseline,23,FP_1088,FP_1088,Fingerprints,0.01408321525328408
Baseline,24,FP_881,FP_881,Fingerprints,0.013725462755570857
Baseline,25,5u09,CNR1,Proteins,0.013660563357253413
Baseline,26,5i71,SLC6A4,Proteins,0.013529041586197037
Baseline,27,8xvk,EDNRA,Proteins,0.013282185568993653
Baseline,28,FP_674,FP_674,Fingerprints,0.012884756977188987
Baseline,29,4ey7,ACHE,Proteins,0.012633414355401162
Baseline,30,6cm4,DRD2,Proteins,0.012056166245894298
PCA,1,"MW, g/mol","MW, g/mol",PhysChem,0.14204677768533633
PCA,2,logP,logP,PhysChem,0.12202027685207113
PCA,3,FP_414,FP_414,Fingerprints,0.037626694825334484
PCA,4,FP_926,FP_926,Fingerprints,0.030597448025584662
PCA,5,FP_628,FP_628,Fingerprints,0.02709975758513739
PCA,6,FP_650,FP_650,Fingerprints,0.02342910769326207
PCA,7,PC2,PC2,Proteins,0.02146162529511485
PCA,8,FP_661,FP_661,Fingerprints,0.021081452796421346
PCA,9,FP_715,FP_715,Fingerprints,0.020791591131717215
PCA,10,FP_456,FP_456,Fingerprints,0.02049095538811932
PCA,11,PC1,PC1,Proteins,0.018688943584779915
PCA,12,FP_80,FP_80,Fingerprints,0.018044315427633684
PCA,13,FP_807,FP_807,Fingerprints,0.016839988027876684
PCA,14,FP_389,FP_389,Fingerprints,0.01656460338828533
PCA,15,FP_1911,FP_1911,Fingerprints,0.014765620769054346
PCA,16,FP_1737,FP_1737,Fingerprints,0.014363302706533609
PCA,17,FP_656,FP_656,Fingerprints,0.014339604578717788
PCA,18,FP_1226,FP_1226,Fingerprints,0.014147603179322975
PCA,19,PC3,PC3,Proteins,0.014081548173023923
PCA,20,FP_426,FP_426,Fingerprints,0.013745767969326323
PCA,21,FP_1028,FP_1028,Fingerprints,0.013313428716209705
PCA,22,FP_1599,FP_1599,Fingerprints,0.011710008041358001
PCA,23,FP_674,FP_674,Fingerprints,0.011114608236261371
PCA,24,FP_1917,FP_1917,Fingerprints,0.010332116924420731
PCA,25,FP_1171,FP_1171,Fingerprints,0.00979774958634519
PCA,26,FP_350,FP_350,Fingerprints,0.009751493883995165
PCA,27,FP_1750,FP_1750,Fingerprints,0.009474290266401031
PCA,28,FP_881,FP_881,Fingerprints,0.009054544184572471
PCA,29,FP_1534,FP_1534,Fingerprints,0.008767483084393934
PCA,30,FP_935,FP_935,Fingerprints,0.008547420197909071
ADME,1,logP,logP,PhysChem,0.09595405305276414
ADME,2,fChar,fChar,ADME,0.09001678960397066
ADME,3,"MW, g/mol","MW, g/mol",PhysChem,0.06556315066111033
ADME,4,pka_basic,pka_basic,ADME,0.06405634729073367
ADME,5,pka_acidic,pka_acidic,ADME,0.044543898270490156
ADME,6,Synth,Synth,ADME,0.03846227138932709
ADME,7,Dense,Dense,ADME,0.03408331669316376
ADME,8,CYP2D6-inh,CYP2D6-inh,ADME,0.02806516124147307
ADME,9,GoldenTriangle,GoldenTriangle,ADME,0.027457729681845167
ADME,10,logVDss,logVDss,ADME,0.027247284877987676
ADME,11,logP_admet,logP_admet,ADME,0.023886886630705106
ADME,12,QED,QED,ADME,0.022528171667506525
ADME,13,pgp_sub,pgp_sub,ADME,0.01892451015127308
ADME,14,FP_1028,FP_1028,Fingerprints,0.01267876650350953
ADME,15,CYP2D6-sub,CYP2D6-sub,ADME,0.01241689778687289
ADME,16,logD,logD,ADME,0.011089673542588177
ADME,17,TPSA,TPSA,ADME,0.010536153585526446
ADME,18,logS,logS,ADME,0.010422012340043576
ADME,19,4mqs,CHRM2,Proteins,0.010343222953000603
ADME,20,FP_414,FP_414,Fingerprints,0.009895789744971802
ADME,21,FP_1534,FP_1534,Fingerprints,0.00944578160352115
ADME,22,Natural Product-likeness,Natural Product-likeness,ADME,0.009327887581700682
ADME,23,PPB,PPB,ADME,0.00911551397451904
ADME,24,nHD,nHD,ADME,0.008967679304399602
ADME,25,FP_628,FP_628,Fingerprints,0.008859209387544923
ADME,26,nHet,nHet,ADME,0.008783275184191702
ADME,27,cl-plasma,cl-plasma,ADME,0.008740838396986285
ADME,28,9eo4,SLC6A3,Proteins,0.008734455619468406
ADME,29,Vol,Vol,ADME,0.007771618319547477
ADME,30,5va1,KCNH2,Proteins,0.007738558562211165
Plain,1,"MW, g/mol","MW, g/mol",PhysChem,0.15635725108168816
Plain,2,logP,logP,PhysChem,0.12046094319815821
Plain,3,FP_414,FP_414,Fingerprints,0.045320546420419994
Plain,4,FP_926,FP_926,Fingerprints,0.03326032152782679
Plain,5,FP_650,FP_650,Fingerprints,0.022526450232102917
Plain,6,FP_389,FP_389,Fingerprints,0.020929898615151522
Plain,7,FP_715,FP_715,Fingerprints,0.02085590751560121
Plain,8,FP_456,FP_456,Fingerprints,0.019302037134658855
Plain,9,FP_628,FP_628,Fingerprints,0.016999859902209712
Plain,10,FP_80,FP_80,Fingerprints,0.01684268759114762
Plain,11,FP_661,FP_661,Fingerprints,0.016715813815622645
Plain,12,FP_1226,FP_1226,Fingerprints,0.013978254255651941
Plain,13,FP_1599,FP_1599,Fingerprints,0.013857460894944258
Plain,14,FP_1911,FP_1911,Fingerprints,0.013706268425305621
Plain,15,FP_1028,FP_1028,Fingerprints,0.013633525752667242
Plain,16,FP_1162,FP_1162,Fingerprints,0.013057041320069088
Plain,17,FP_1737,FP_1737,Fingerprints,0.012305740527284875
Plain,18,FP_426,FP_426,Fingerprints,0.012228540480079753
Plain,19,FP_674,FP_674,Fingerprints,0.012202781524552196
Plain,20,FP_656,FP_656,Fingerprints,0.010704776587952063
Plain,21,FP_1534,FP_1534,Fingerprints,0.010636933981667587
Plain,22,FP_1750,FP_1750,Fingerprints,0.010167967835186762
Plain,23,FP_1873,FP_1873,Fingerprints,0.010079166994209496
Plain,24,FP_1171,FP_1171,Fingerprints,0.009746191023871672
Plain,25,FP_350,FP_350,Fingerprints,0.008392249794658673
Plain,26,FP_1970,FP_1970,Fingerprints,0.008203031528573483
Plain,27,FP_1917,FP_1917,Fingerprints,0.008040208996781144
Plain,28,FP_1088,FP_1088,Fingerprints,0.007830712534104573
Plain,29,FP_675,FP_675,Fingerprints,0.00759831758929276
Plain,30,FP_313,FP_313,Fingerprints,0.007306288125013586
BBB pass,1,logP,logP,PhysChem,0.1033326205911595
BBB pass,2,"MW, g/mol","MW, g/mol",PhysChem,0.07348595921872271
BBB pass,3,FP_628,FP_628,Fingerprints,0.05235452921849316
BBB pass,4,FP_926,FP_926,Fingerprints,0.029528008178275052
BBB pass,5,FP_414,FP_414,Fingerprints,0.02905259143667606
BBB pass,6,6lqa,SCN5A,Proteins,0.02227610054845667
BBB pass,7,FP_80,FP_80,Fingerprints,0.02086977312273833
BBB pass,8,FP_807,FP_807,Fingerprints,0.019778060383481885
BBB pass,9,FP_1028,FP_1028,Fingerprints,0.019262819447811684
BBB pass,10,FP_674,FP_674,Fingerprints,0.017810683338575627
BBB pass,11,3kk6,PTGS1,Proteins,0.017264708717976827
BBB pass,12,FP_1917,FP_1917,Fingerprints,0.016987396311953184
BBB pass,13,FP_650,FP_650,Fingerprints,0.016151023972427167
BBB pass,14,FP_378,FP_378,Fingerprints,0.01576920591089959
BBB pass,15,8yn3,HRH2,Proteins,0.015611334649499087
BBB pass,16,FP_1325,FP_1325,Fingerprints,0.014725116915649063
BBB pass,17,6x3x,GABRA1,Proteins,0.013755907459676453
BBB pass,18,7ym8,ADRA1A,Proteins,0.013098842387948
BBB pass,19,6kux,ADRA2A,Proteins,0.013033833797490376
BBB pass,20,FP_881,FP_881,Fingerprints,0.012717460177198386
BBB pass,21,4n6h,OPRD1,Proteins,0.011973679764749907
BBB pass,22,9eo4,SLC6A3,Proteins,0.011896612905740673
BBB pass,23,3rze,HRH1,Proteins,0.011807479669459721
BBB pass,24,8xvk,EDNRA,Proteins,0.011647376028483081
BBB pass,25,1xoq,PDE4D,Proteins,0.011293522335135335
BBB pass,26,7wc9,HTR2A,Proteins,0.010668058630702287
BBB pass,27,6cm4,DRD2,Proteins,0.01065372067669742
BBB pass,28,6pdj,LCK,Proteins,0.010536829236853095
BBB pass,29,2z5x,MAOA,Proteins,0.010530032034347827
BBB pass,30,FP_656,FP_656,Fingerprints,0.010522067426004273
