Butina_clusters,cluster_size,cluster_center_ligand_id
1,42,9883
2,42,424
3,28,3325
4,26,9521
5,23,6593
6,23,10282
7,23,94
8,22,14353
9,22,659
10,21,9276
11,21,298
12,20,5901
13,19,14928
14,19,2849
15,18,4231
16,19,122
17,18,738
18,18,790
19,18,182
20,5,10281
21,17,6650
22,17,6750
23,17,4426
24,3,3357
25,15,79
26,17,272
27,5,173
28,16,8095
29,16,7989
30,11,5856
31,16,47
32,15,4992
33,15,9213
34,10,854
35,6,134
36,15,8240
37,15,5104
38,14,4427
39,15,230
40,14,152
41,14,1859
42,14,2269
43,12,1166
44,14,9938
45,14,293
46,3,10284
47,13,763
48,13,7597
49,1,9566
50,5,8242
51,13,6382
52,13,395
53,9,202
54,12,2102
55,12,13622
56,6,13455
57,12,6312
58,12,10252
59,12,280
60,11,6118
61,12,5678
62,12,2559
63,12,3316
64,12,3064
65,5,3590
66,12,2895
67,12,1189
68,12,218
69,11,5161
70,11,108
71,11,3056
72,1,15586
73,9,13355
74,4,9901
75,11,8855
76,5,7993
77,11,6074
78,8,5394
79,6,3156
80,10,11325
81,10,4641
82,10,2860
83,10,274
84,10,14647
85,10,4002
86,7,13625
87,4,13143
88,10,12629
89,8,10685
90,10,1903
91,10,5625
92,2,7285
93,9,6220
94,10,5929
95,10,789
96,10,482
97,9,463
98,9,279
99,9,3172
100,9,2161
101,9,113
102,9,2919
103,9,12480
104,9,12182
105,9,1671
106,1,9457
107,9,9261
108,5,7288
109,2,6916
110,5,6226
111,1,5853
112,9,638
113,7,5680
114,5,5115
115,3,4649
116,9,4597
117,9,4005
118,9,1868
119,9,24
120,8,2082
121,8,4174
122,8,608
123,3,14939
124,8,11339
125,8,12000
126,3,12019
127,2,13633
128,8,2926
129,4,12634
130,8,12117
131,7,4438
132,8,5284
133,3,5348
134,1,8331
135,6,340
136,5,6765
137,2,6761
138,8,6584
139,8,1995
140,2,6456
141,2,6407
142,5,6385
143,8,6085
144,8,5623
145,8,5607
146,3,5105
147,8,5188
148,3,4672
149,8,4621
150,7,4434
151,3,4425
152,8,3210
153,8,2390
154,8,3150
155,8,726
156,8,1796
157,8,2332
158,8,253
159,8,811
160,7,9805
161,7,12478
162,7,12745
163,5,1797
164,7,16035
165,7,12437
166,7,9873
167,5,15570
168,7,7163
169,4,14950
170,3,14956
171,1,14951
172,7,8444
173,7,13985
174,2,13883
175,7,3438
176,5,6219
177,7,6891
178,7,3302
179,7,12306
180,7,8150
181,3,11981
182,2,11193
183,7,10466
184,7,9674
185,7,2001
186,6,248
187,2,9396
188,7,9063
189,2,8593
190,7,7722
191,7,8457
192,3,8344
193,4,8241
194,7,6556
195,7,5458
196,5,7624
197,1,7210
198,1,7185
199,7,139
200,7,6904
201,7,6943
202,6,6384
203,7,6383
204,7,6120
205,7,1459
206,7,5500
207,7,799
208,7,3426
209,7,801
210,1,4330
211,7,3224
212,6,2094
213,5,1916
214,7,3882
215,2,3842
216,7,3314
217,7,1672
218,4,396
219,7,1066
220,7,166
221,7,406
222,6,142
223,6,4445
224,6,16112
225,6,16111
226,1,15974
227,4,15551
228,6,6319
229,2,3849
230,6,14913
231,6,14885
232,6,14608
233,6,5079
234,6,14319
235,5,114
236,2,14282
237,6,16
238,2,13916
239,5,2687
240,6,13686
241,5,13129
242,6,12500
243,6,7508
244,1,12658
245,6,160
246,6,12241
247,5,12119
248,4,1463
249,6,5371
250,6,11763
251,6,11669
252,6,10848
253,6,4413
254,6,5081
255,4,9793
256,6,9771
257,6,9365
258,1,9484
259,1,9192
260,6,9114
261,6,6722
262,2,8536
263,1,8462
264,6,1133
265,6,8429
266,6,8335
267,6,1702
268,6,5590
269,6,597
270,6,880
271,6,7239
272,6,7012
273,3,6963
274,2,6945
275,6,819
276,4,6745
277,4,6692
278,3,6392
279,2,6333
280,6,5659
281,3,6227
282,6,2527
283,2,6150
284,6,5971
285,6,5797
286,6,5708
287,1,5315
288,5,5295
289,6,5216
290,6,5187
291,6,4810
292,6,3266
293,1,4683
294,6,3443
295,1,4368
296,6,1951
297,6,4034
298,3,2265
299,1,3895
300,4,1174
301,3,2567
302,2,2992
303,4,1792
304,6,2586
305,6,2048
306,2,1553
307,6,787
308,6,1084
309,6,833
310,6,746
311,6,179
312,5,16157
313,3,16150
314,1,16034
315,5,9624
316,4,10279
317,5,1924
318,5,3097
319,2,4230
320,5,7162
321,5,2990
322,3,4062
323,5,1965
324,3,14996
325,5,14911
326,5,14782
327,5,14750
328,5,4764
329,1,14638
330,5,8300
331,5,14557
332,5,14505
333,3,12472
334,5,810
335,2,352
336,1,14363
337,2,1531
338,1,14263
339,5,2912
340,5,2014
341,5,13330
342,5,13366
343,5,2964
344,4,3472
345,5,12730
346,5,3826
347,1,12756
348,1,12638
349,3,250
350,4,12451
351,5,12507
352,4,12433
353,5,12283
354,3,12240
355,5,12154
356,5,12056
357,1,11682
358,5,11308
359,3,5391
360,4,5554
361,2,10712
362,5,1299
363,5,10312
364,3,10280
365,5,10182
366,5,10057
367,5,9954
368,5,9615
369,5,6736
370,5,6015
371,5,9058
372,5,9057
373,4,9017
374,5,7376
375,5,8914
376,5,8573
377,2,8349
378,2,8250
379,5,3005
380,5,774
381,5,7018
382,5,1046
383,5,127
384,5,6035
385,5,6917
386,1,6800
387,1,6753
388,3,6693
389,5,6688
390,2,6409
391,3,6404
392,5,6362
393,5,6348
394,5,5658
395,5,1372
396,2,6159
397,2,5928
398,5,6134
399,5,5208
400,5,5030
401,5,5729
402,3,5589
403,5,5542
404,5,5437
405,3,5377
406,2,5378
407,2,5376
408,5,5327
409,4,5294
410,3,5215
411,1,5190
412,5,437
413,5,1932
414,5,5007
415,5,4973
416,4,4858
417,5,4849
418,5,4724
419,5,4707
420,5,4615
421,5,4553
422,5,4551
423,2,4435
424,5,4336
425,5,3169
426,4,2403
427,2,3804
428,5,2361
429,5,3649
430,5,2694
431,5,1832
432,5,3108
433,5,1286
434,4,3027
435,5,229
436,5,2164
437,5,1036
438,5,2348
439,1,1920
440,5,1517
441,5,828
442,5,1462
443,5,623
444,5,20
445,5,1330
446,4,361
447,3,627
448,5,380
449,5,357
450,3,227
451,1,82
452,4,2880
453,4,16406
454,4,6367
455,4,4788
456,4,3848
457,4,125
458,4,1574
459,4,2018
460,4,12498
461,2,16172
462,3,13131
463,4,5953
464,4,13200
465,4,13546
466,4,12260
467,4,4519
468,4,8394
469,1,15872
470,4,148
471,4,9222
472,2,15777
473,4,15773
474,4,4494
475,4,2067
476,2,15633
477,4,3953
478,2,15555
479,3,13211
480,4,5999
481,4,6887
482,4,2239
483,1,15316
484,3,3909
485,4,2266
486,4,4819
487,4,8977
488,4,5600
489,4,1217
490,2,14947
491,4,14904
492,4,14873
493,2,14788
494,1,14785
495,4,14764
496,2,14680
497,4,14594
498,2,6498
499,4,14345
500,4,1147
501,4,14338
502,1,14337
503,2,14299
504,1,14080
505,1,14051
506,4,3374
507,4,2276
508,2,13996
509,3,9107
510,4,13957
511,2,2092
512,4,4045
513,4,13738
514,4,13674
515,3,12865
516,4,13571
517,2,4003
518,4,3041
519,4,4289
520,4,12711
521,4,3564
522,4,13221
523,2,13142
524,2,13082
525,3,13046
526,2,12960
527,1,12864
528,4,12738
529,4,12829
530,4,12673
531,4,4038
532,4,12562
533,4,12370
534,4,3961
535,1,12252
536,3,12194
537,1,12184
538,4,10000
539,1,11987
540,3,6106
541,4,11670
542,4,5342
543,2,11222
544,4,10922
545,4,2585
546,4,10813
547,4,10504
548,4,10473
549,4,10475
550,2,10471
551,1,10289
552,4,2529
553,4,6746
554,2,6054
555,4,10073
556,1,10037
557,4,9571
558,1,9538
559,4,2217
560,3,9419
561,2,9373
562,2,9220
563,1,8985
564,4,8928
565,4,8817
566,2,6647
567,4,5948
568,4,8584
569,2,1727
570,1,8491
571,4,2526
572,4,8326
573,4,2494
574,1,8355
575,4,7971
576,3,3894
577,4,4384
578,4,2185
579,2,7677
580,4,6501
581,4,4136
582,4,7577
583,2,7576
584,4,7575
585,4,7458
586,2,4196
587,3,7011
588,3,6920
589,4,474
590,4,2181
591,4,7316
592,4,7031
593,4,7024
594,4,5569
595,1,6942
596,3,5884
597,2,6918
598,3,6900
599,4,3662
600,4,51
601,2,6832
602,4,6730
603,4,6678
604,4,6677
605,4,6287
606,4,6239
607,2,6251
608,4,6240
609,4,6059
610,4,6023
611,2,5967
612,3,5933
613,2,5886
614,4,3743
615,1,5801
616,2,5677
617,3,5670
618,4,4495
619,4,5186
620,4,5638
621,4,5598
622,2,5352
623,4,5506
624,2,5225
625,1,5393
626,2,5351
627,2,5287
628,3,1522
629,1,5189
630,4,3975
631,1,5088
632,4,5052
633,4,4862
634,2,4734
635,4,4219
636,2,4864
637,1,4842
638,4,3100
639,1,4677
640,1,4673
641,4,2881
642,2,4302
643,4,4550
644,1,4463
645,4,4190
646,4,4186
647,4,3711
648,3,3857
649,1,3966
650,4,3643
651,4,334
652,4,3069
653,4,3579
654,4,3568
655,4,979
656,4,3322
657,4,1109
658,4,3247
659,4,3241
660,1,3146
661,1,3061
662,4,2988
663,4,2565
664,2,2925
665,3,295
666,4,1367
667,3,1432
668,4,2722
669,2,2720
670,2,2475
671,4,2306
672,4,2410
673,4,2367
674,1,2335
675,4,2257
676,4,2027
677,1,2031
678,2,1484
679,4,1842
680,4,1925
681,2,1850
682,2,1791
683,4,1805
684,3,1794
685,4,959
686,4,23
687,4,1381
688,4,292
689,3,1271
690,4,1161
691,4,850
692,4,766
693,4,700
694,2,573
695,3,449
696,4,362
697,4,126
698,4,141
699,4,28
700,3,15212
701,3,13512
702,2,9540
703,3,9064
704,3,6271
705,3,4622
706,3,16380
707,3,16377
708,3,16339
709,3,10181
710,3,12455
711,3,3063
712,3,2251
713,2,12477
714,3,16221
715,2,13186
716,3,16182
717,3,3963
718,3,11930
719,3,546
720,2,14579
721,3,7954
722,1,16048
723,3,1326
724,3,4587
725,3,15903
726,3,9751
727,3,9654
728,3,15886
729,3,15274
730,3,15769
731,3,10133
732,3,15652
733,1,15700
734,3,7350
735,1,15647
736,3,7816
737,1,15608
738,3,8227
739,3,10817
740,3,15439
741,3,5424
742,3,15403
743,3,7600
744,3,9049
745,2,15347
746,3,3415
747,3,9656
748,3,533
749,3,2883
750,2,14412
751,3,8765
752,3,9269
753,3,8051
754,3,1730
755,3,1770
756,3,1534
757,3,2224
758,3,11176
759,3,11175
760,1,14948
761,1,14945
762,1,14943
763,1,14942
764,3,14833
765,3,14777
766,3,14766
767,1,14765
768,1,14756
769,1,14717
770,1,14706
771,3,14683
772,1,14659
773,3,12596
774,2,14563
775,3,14424
776,3,1100
777,3,14437
778,3,3000
779,1,14468
780,3,3080
781,3,14336
782,3,14386
783,3,2983
784,3,6438
785,3,13906
786,3,12982
787,1,14201
788,3,5924
789,3,13898
790,3,13614
791,3,12809
792,2,13971
793,3,13938
794,3,6058
795,3,8919
796,3,13912
797,2,4855
798,2,11491
799,3,11865
800,2,5140
801,3,13664
802,3,13620
803,3,3647
804,3,2011
805,2,13564
806,2,13559
807,1,13497
808,3,10154
809,3,4168
810,3,13341
811,3,1067
812,1,13250
813,2,3129
814,3,3307
815,3,10551
816,2,13141
817,1,13132
818,2,13090
819,3,12805
820,3,519
821,3,7768
822,2,12968
823,3,12928
824,3,12456
825,3,6685
826,3,12893
827,3,12301
828,3,2684
829,3,7415
830,2,11965
831,2,12772
832,1,12736
833,3,12693
834,1,12595
835,2,6364
836,3,4761
837,1,12320
838,3,12278
839,1,12261
840,3,12155
841,2,12245
842,3,602
843,1,12215
844,1,12202
845,3,12197
846,1,12187
847,3,11958
848,3,11951
849,1,11938
850,2,11769
851,3,3846
852,3,11600
853,3,11554
854,3,3035
855,3,1088
856,3,306
857,3,11119
858,3,11012
859,3,11005
860,2,9602
861,3,6089
862,3,10748
863,3,4740
864,2,241
865,3,9970
866,3,3420
867,2,3584
868,3,10315
869,3,2017
870,1,10373
871,3,10368
872,2,10327
873,1,10314
874,1,10292
875,3,3203
876,3,872
877,1,10093
878,1,10089
879,3,10065
880,3,10049
881,1,10034
882,2,9526
883,3,9989
884,3,9767
885,3,9931
886,2,9749
887,3,9710
888,2,1418
889,1,9770
890,3,9529
891,3,9737
892,3,9681
893,1,9600
894,1,9598
895,3,6017
896,3,9498
897,3,512
898,3,4879
899,3,5761
900,1,9371
901,3,6952
902,2,9223
903,1,9172
904,3,3419
905,3,2314
906,3,9122
907,3,9071
908,1,9044
909,3,9019
910,1,9005
911,1,9003
912,3,8965
913,3,3957
914,3,8870
915,1,8869
916,3,8819
917,3,8826
918,3,8816
919,3,8806
920,3,1726
921,3,8798
922,3,8755
923,3,8751
924,2,2518
925,3,6361
926,2,8600
927,2,8595
928,1,8655
929,1,8580
930,1,8578
931,3,8559
932,3,8505
933,3,2791
934,3,5547
935,3,3994
936,3,8413
937,3,8340
938,1,8343
939,1,8341
940,1,8214
941,3,8143
942,3,8142
943,3,8124
944,1,8030
945,3,7982
946,3,7899
947,3,1661
948,2,7757
949,3,2801
950,3,2698
951,3,30
952,1,7574
953,3,7532
954,2,7505
955,3,7489
956,3,7488
957,3,7115
958,2,6919
959,3,206
960,3,7403
961,1,7336
962,3,7307
963,3,5950
964,3,7177
965,1,7199
966,3,4955
967,3,6873
968,3,4449
969,3,7009
970,3,7017
971,3,5486
972,1,6999
973,3,6972
974,3,6781
975,1,6929
976,3,6838
977,1,6829
978,3,6817
979,3,1911
980,1,6797
981,1,6763
982,1,6762
983,3,6687
984,3,2696
985,3,629
986,3,2200
987,3,6552
988,3,1303
989,2,2089
990,1,6442
991,2,6349
992,2,6345
993,3,1159
994,1,6283
995,3,658
996,3,1157
997,2,6135
998,3,6125
999,1,6098
1000,3,6036
1001,1,6012
1002,3,1162
1003,3,2634
1004,1,5988
1005,1,5970
1006,2,5952
1007,1,5942
1008,3,5908
1009,2,5890
1010,3,5546
1011,1,5848
1012,3,5835
1013,3,2377
1014,2,447
1015,3,5706
1016,2,5715
1017,1,5710
1018,2,5662
1019,3,5619
1020,1,5595
1021,3,4443
1022,1,5508
1023,1,5491
1024,3,1602
1025,3,159
1026,3,5356
1027,1,5318
1028,3,5272
1029,3,5242
1030,1,5232
1031,3,5230
1032,1,5213
1033,3,5179
1034,3,4605
1035,2,287
1036,3,3493
1037,3,4226
1038,3,4755
1039,3,4745
1040,1,4723
1041,3,4096
1042,3,4708
1043,2,4465
1044,3,4583
1045,1,4577
1046,3,4542
1047,3,4517
1048,2,4509
1049,3,4468
1050,3,4404
1051,3,4312
1052,3,3837
1053,3,4229
1054,3,4221
1055,3,4129
1056,3,4132
1057,1,4037
1058,1,3950
1059,3,3834
1060,1,3867
1061,1,3847
1062,2,3793
1063,1,3622
1064,3,1170
1065,1,3566
1066,2,3541
1067,1,3556
1068,3,999
1069,3,3456
1070,3,3401
1071,3,1366
1072,3,1626
1073,1,3298
1074,3,3260
1075,3,1466
1076,2,3151
1077,1,3068
1078,1,3054
1079,2,3013
1080,1,2966
1081,3,2963
1082,3,2962
1083,3,2944
1084,3,2931
1085,3,1360
1086,2,2897
1087,3,1968
1088,1,2873
1089,3,1308
1090,3,800
1091,1,2715
1092,3,2691
1093,2,2216
1094,3,4
1095,1,2467
1096,3,2334
1097,3,2221
1098,3,475
1099,3,1097
1100,3,1306
1101,3,2157
1102,2,2115
1103,2,1963
1104,3,2029
1105,3,2028
1106,3,2021
1107,1,1943
1108,3,1844
1109,3,105
1110,3,1786
1111,3,1768
1112,3,1690
1113,2,1687
1114,3,947
1115,1,1270
1116,3,754
1117,3,903
1118,3,1082
1119,3,991
1120,2,973
1121,3,970
1122,1,767
1123,2,725
1124,3,584
1125,3,682
1126,3,263
1127,3,483
1128,3,640
1129,3,322
1130,3,566
1131,3,562
1132,2,496
1133,2,471
1134,2,456
1135,1,416
1136,2,376
1137,2,111
1138,1,310
1139,2,158
1140,2,149
1141,3,63
1142,1,36
1143,2,5965
1144,1,16474
1145,2,13907
1146,2,7453
1147,2,6899
1148,2,14144
1149,2,15241
1150,2,3242
1151,2,2025
1152,2,15135
1153,2,2462
1154,2,16373
1155,2,16345
1156,2,16343
1157,2,14798
1158,2,14166
1159,2,16310
1160,2,4504
1161,2,2190
1162,2,16264
1163,2,13814
1164,2,13403
1165,2,16273
1166,2,16245
1167,2,843
1168,2,13696
1169,2,16215
1170,2,13193
1171,2,13134
1172,2,6143
1173,2,12798
1174,1,16193
1175,2,11923
1176,2,16158
1177,2,12061
1178,1,16152
1179,1,16151
1180,2,344
1181,1,16135
1182,2,8897
1183,1,16100
1184,2,12450
1185,2,7942
1186,2,14635
1187,2,16028
1188,2,10495
1189,2,7940
1190,2,389
1191,2,11563
1192,2,10249
1193,2,15940
1194,2,15932
1195,2,7950
1196,1,15930
1197,2,9937
1198,1,15871
1199,2,1887
1200,2,5906
1201,2,215
1202,2,15546
1203,2,15820
1204,2,8367
1205,2,15144
1206,2,2032
1207,2,15712
1208,1,15706
1209,2,15686
1210,2,15667
1211,2,8272
1212,2,1475
1213,1,15615
1214,1,15607
1215,2,15561
1216,2,5872
1217,2,6834
1218,2,6595
1219,2,15490
1220,2,1035
1221,2,6314
1222,2,15464
1223,2,5656
1224,1,15452
1225,2,15448
1226,2,3696
1227,2,12975
1228,2,7273
1229,2,4744
1230,2,15137
1231,2,15175
1232,2,15365
1233,2,14529
1234,1,15355
1235,2,1878
1236,2,11994
1237,2,7968
1238,2,6853
1239,2,219
1240,2,13485
1241,1,15255
1242,2,6196
1243,2,6100
1244,2,3032
1245,2,3253
1246,2,2647
1247,2,10677
1248,2,4945
1249,2,6496
1250,1,15083
1251,2,924
1252,2,2285
1253,2,15023
1254,2,15016
1255,2,740
1256,2,10545
1257,2,14977
1258,1,14974
1259,2,14921
1260,1,14919
1261,2,14898
1262,2,14896
1263,1,14894
1264,2,14882
1265,2,14878
1266,2,14348
1267,1,14820
1268,2,12606
1269,1,14787
1270,1,14752
1271,2,14741
1272,2,14547
1273,2,14722
1274,1,14704
1275,2,5235
1276,1,14649
1277,2,778
1278,2,386
1279,2,14591
1280,2,14397
1281,2,14544
1282,1,14526
1283,2,12298
1284,2,14495
1285,2,14155
1286,2,14465
1287,2,14459
1288,2,9644
1289,2,13196
1290,2,14156
1291,2,12503
1292,2,12467
1293,1,14339
1294,2,14323
1295,2,14288
1296,2,14255
1297,2,14252
1298,2,14013
1299,2,12727
1300,2,12460
1301,2,4296
1302,2,13041
1303,2,14161
1304,2,13712
1305,2,7975
1306,1,14150
1307,2,14137
1308,2,14134
1309,2,14131
1310,2,14129
1311,1,14126
1312,2,14084
1313,2,12995
1314,2,14057
1315,1,14025
1316,2,13943
1317,2,4623
1318,2,13976
1319,2,13982
1320,1,13983
1321,1,13979
1322,2,4619
1323,1,13941
1324,1,13936
1325,2,12611
1326,2,13522
1327,2,13873
1328,1,13835
1329,2,13827
1330,2,13828
1331,2,13772
1332,2,13436
1333,2,11949
1334,2,13035
1335,2,13765
1336,2,13036
1337,2,8237
1338,2,13684
1339,2,13705
1340,2,13688
1341,2,13687
1342,2,13685
1343,2,13167
1344,2,13660
1345,1,13624
1346,2,12729
1347,1,13570
1348,2,13560
1349,1,13562
1350,2,13529
1351,1,13513
1352,1,13491
1353,1,13460
1354,2,7970
1355,2,12797
1356,2,13384
1357,2,13383
1358,1,13386
1359,1,13382
1360,2,13365
1361,2,13345
1362,2,13254
1363,1,13323
1364,2,13313
1365,2,13306
1366,2,13287
1367,2,3591
1368,2,13252
1369,1,13241
1370,2,13234
1371,1,13210
1372,2,12794
1373,2,8607
1374,1,13121
1375,1,13083
1376,2,13076
1377,2,12482
1378,2,7216
1379,2,10122
1380,2,7611
1381,2,13033
1382,2,13020
1383,2,12854
1384,2,12998
1385,2,12949
1386,2,12812
1387,1,12912
1388,1,12855
1389,2,12841
1390,1,12830
1391,2,8898
1392,2,7433
1393,2,1335
1394,1,12767
1395,1,12764
1396,2,7517
1397,2,7420
1398,2,7301
1399,2,12483
1400,2,12608
1401,2,12600
1402,1,12592
1403,1,12581
1404,2,12567
1405,2,12453
1406,2,12476
1407,2,5577
1408,2,12462
1409,1,12485
1410,2,4036
1411,2,12432
1412,1,12430
1413,2,559
1414,1,12392
1415,2,12383
1416,2,12379
1417,2,12380
1418,2,12378
1419,2,12369
1420,2,12351
1421,1,12339
1422,2,12221
1423,1,12309
1424,2,12294
1425,1,12290
1426,1,12262
1427,2,3690
1428,2,10453
1429,1,12096
1430,2,12093
1431,2,12087
1432,2,129
1433,2,12048
1434,2,12046
1435,2,11991
1436,2,5877
1437,2,11962
1438,1,11946
1439,2,8972
1440,2,1077
1441,2,8691
1442,2,11891
1443,2,11881
1444,2,8437
1445,1,11842
1446,2,11815
1447,2,2137
1448,2,688
1449,2,5484
1450,2,11743
1451,2,724
1452,2,8604
1453,2,73
1454,2,11692
1455,2,2069
1456,2,11578
1457,2,7606
1458,2,3521
1459,2,11551
1460,2,8616
1461,2,4148
1462,2,6913
1463,2,2792
1464,2,7374
1465,2,11486
1466,2,6907
1467,2,5136
1468,2,5795
1469,2,3043
1470,2,5618
1471,2,8303
1472,2,11410
1473,2,9503
1474,2,4611
1475,2,5946
1476,2,11287
1477,2,3779
1478,2,11210
1479,2,11228
1480,2,10676
1481,2,5896
1482,2,6463
1483,2,6717
1484,2,11111
1485,2,11105
1486,2,11096
1487,2,11042
1488,1,11078
1489,2,6837
1490,2,10115
1491,1,11021
1492,2,9564
1493,2,10984
1494,2,414
1495,2,3673
1496,2,10913
1497,2,10900
1498,2,10937
1499,2,10898
1500,2,10907
1501,2,2328
1502,1,10899
1503,2,10889
1504,2,10825
1505,2,10793
1506,2,10766
1507,2,5767
1508,2,9864
1509,2,10723
1510,2,9011
1511,1,10703
1512,2,5345
1513,1,10687
1514,2,10665
1515,2,9212
1516,2,10634
1517,2,3902
1518,2,2013
1519,2,6079
1520,2,10598
1521,2,10580
1522,1,10583
1523,2,2633
1524,2,10571
1525,2,10565
1526,2,10562
1527,2,509
1528,2,10518
1529,2,10514
1530,2,10499
1531,2,9179
1532,2,10435
1533,2,631
1534,1,10393
1535,2,10387
1536,2,8648
1537,2,10009
1538,1,10352
1539,2,6374
1540,1,10238
1541,2,10198
1542,1,10178
1543,1,10169
1544,2,10141
1545,2,4980
1546,2,5925
1547,2,10104
1548,1,10097
1549,2,10090
1550,2,10070
1551,2,5671
1552,1,9998
1553,2,9967
1554,2,9984
1555,2,1101
1556,2,9932
1557,2,9961
1558,2,9734
1559,2,8351
1560,2,9085
1561,2,92
1562,2,8746
1563,1,9826
1564,2,4451
1565,1,9810
1566,2,9740
1567,2,3509
1568,2,4059
1569,2,4893
1570,2,4133
1571,2,9652
1572,2,9645
1573,2,9623
1574,2,9569
1575,2,1630
1576,2,8024
1577,1,9490
1578,1,9435
1579,2,1048
1580,2,2978
1581,2,7092
1582,1,9418
1583,1,9401
1584,1,9391
1585,2,9364
1586,2,9358
1587,1,9340
1588,2,9333
1589,2,1023
1590,2,7485
1591,2,9226
1592,2,9182
1593,2,59
1594,2,9095
1595,2,9125
1596,2,9108
1597,2,9101
1598,2,2322
1599,1,9067
1600,2,956
1601,2,9045
1602,1,9022
1603,1,9018
1604,2,8996
1605,2,8973
1606,2,616
1607,2,8839
1608,2,8542
1609,2,8748
1610,2,8426
1611,1,8710
1612,2,8200
1613,1,8633
1614,2,8625
1615,1,8622
1616,1,8613
1617,2,8596
1618,2,8579
1619,1,8557
1620,2,2312
1621,2,4933
1622,2,8466
1623,1,8386
1624,2,8319
1625,2,8323
1626,2,8317
1627,2,4710
1628,2,8255
1629,2,1852
1630,2,3576
1631,1,8203
1632,2,1520
1633,2,5898
1634,1,8147
1635,1,8115
1636,2,2683
1637,2,4167
1638,2,8076
1639,2,8056
1640,2,8044
1641,2,207
1642,2,8020
1643,2,601
1644,2,7962
1645,1,7974
1646,2,7678
1647,2,6620
1648,1,7941
1649,2,7922
1650,2,5263
1651,1,7900
1652,2,7887
1653,2,7869
1654,2,493
1655,2,7777
1656,1,7776
1657,2,7612
1658,2,6672
1659,2,7752
1660,2,7742
1661,1,7697
1662,2,5249
1663,1,7665
1664,2,7628
1665,2,100
1666,2,7156
1667,2,7567
1668,2,7572
1669,2,7565
1670,2,5285
1671,2,2501
1672,2,1740
1673,2,6610
1674,2,7496
1675,2,7319
1676,2,7421
1677,2,7418
1678,1,7417
1679,2,7413
1680,2,1567
1681,2,7389
1682,2,7387
1683,1,7384
1684,2,7380
1685,2,5423
1686,2,4921
1687,2,6505
1688,2,1187
1689,2,7338
1690,2,1407
1691,1,7242
1692,2,358
1693,2,7155
1694,2,6871
1695,2,7097
1696,2,7150
1697,2,171
1698,2,4122
1699,2,7105
1700,2,7088
1701,2,6544
1702,2,7013
1703,2,7039
1704,2,3929
1705,2,7022
1706,1,7021
1707,1,7016
1708,2,7002
1709,2,4247
1710,2,6890
1711,2,6970
1712,2,4241
1713,2,3329
1714,2,3560
1715,2,6884
1716,2,6857
1717,1,6827
1718,1,6826
1719,1,6798
1720,1,6796
1721,2,6772
1722,2,6742
1723,2,228
1724,2,6724
1725,2,6694
1726,2,2316
1727,1,6715
1728,2,6708
1729,2,4970
1730,2,6667
1731,1,6664
1732,2,6648
1733,1,6645
1734,2,6636
1735,2,5051
1736,2,6616
1737,2,3234
1738,1,6589
1739,1,6543
1740,2,6194
1741,2,1329
1742,2,4375
1743,2,2325
1744,2,3833
1745,1,6516
1746,1,6510
1747,1,6500
1748,2,6497
1749,1,6494
1750,2,6478
1751,2,3817
1752,2,6432
1753,1,6398
1754,2,6380
1755,1,6324
1756,1,6315
1757,2,5612
1758,2,5947
1759,2,4297
1760,2,6248
1761,2,5977
1762,1,6222
1763,2,150
1764,2,5827
1765,2,622
1766,2,3092
1767,2,6164
1768,2,377
1769,2,6132
1770,2,6128
1771,1,6109
1772,2,201
1773,2,6069
1774,2,5251
1775,2,3079
1776,2,4822
1777,2,5969
1778,1,5972
1779,2,5609
1780,2,5918
1781,2,5860
1782,2,5859
1783,2,5843
1784,2,4455
1785,2,4097
1786,2,2382
1787,1,5810
1788,1,5799
1789,2,5100
1790,1,5772
1791,2,5167
1792,1,5747
1793,2,5741
1794,2,5737
1795,2,5372
1796,1,5727
1797,2,5724
1798,1,5717
1799,2,2928
1800,2,4535
1801,2,710
1802,2,2697
1803,1,5608
1804,2,667
1805,2,5537
1806,1,5519
1807,2,394
1808,1,5517
1809,2,5492
1810,1,5487
1811,2,2693
1812,2,1706
1813,1,5443
1814,1,5442
1815,1,5441
1816,2,2254
1817,2,5426
1818,1,5415
1819,1,5403
1820,1,5392
1821,2,5386
1822,1,5383
1823,2,5360
1824,1,5346
1825,2,5307
1826,2,5279
1827,1,5302
1828,2,859
1829,1,5273
1830,2,1789
1831,1,5259
1832,2,3558
1833,2,702
1834,2,5049
1835,2,2433
1836,2,5181
1837,2,815
1838,2,461
1839,2,5066
1840,2,5067
1841,2,5042
1842,2,4012
1843,2,3531
1844,2,4952
1845,2,3025
1846,2,1481
1847,2,4717
1848,2,4706
1849,2,4412
1850,2,4854
1851,2,917
1852,2,1238
1853,1,4829
1854,2,2700
1855,2,2600
1856,2,1931
1857,2,4526
1858,1,4789
1859,1,4787
1860,2,4778
1861,1,4753
1862,2,4477
1863,1,4735
1864,2,3111
1865,2,845
1866,2,4476
1867,1,4646
1868,2,1285
1869,1,4580
1870,2,645
1871,2,4515
1872,2,792
1873,1,4481
1874,2,434
1875,2,4422
1876,1,4408
1877,1,4406
1878,2,613
1879,2,3134
1880,2,4306
1881,2,4317
1882,2,4315
1883,1,4309
1884,1,4299
1885,2,3728
1886,2,3412
1887,2,4248
1888,1,4223
1889,2,4194
1890,1,4161
1891,2,1454
1892,2,3971
1893,2,4145
1894,2,761
1895,2,462
1896,2,3820
1897,2,704
1898,1,4112
1899,2,1113
1900,1,4064
1901,2,2832
1902,2,782
1903,1,3951
1904,1,3946
1905,2,1
1906,2,3928
1907,2,3917
1908,2,1584
1909,2,3731
1910,2,3838
1911,2,2281
1912,2,1125
1913,2,709
1914,2,1785
1915,2,3725
1916,1,3736
1917,2,540
1918,2,3691
1919,2,3135
1920,1,3677
1921,2,1126
1922,2,1099
1923,2,882
1924,2,2454
1925,1,3559
1926,1,3557
1927,2,1327
1928,2,128
1929,2,3389
1930,1,3529
1931,2,2889
1932,2,3505
1933,2,1653
1934,2,674
1935,2,2773
1936,2,2721
1937,2,1988
1938,1,3385
1939,2,757
1940,2,1504
1941,2,3335
1942,1,3324
1943,2,1741
1944,1,3262
1945,2,3249
1946,2,2305
1947,1,3209
1948,2,603
1949,2,1983
1950,1,3171
1951,1,3137
1952,1,3136
1953,2,1729
1954,2,1853
1955,1,3119
1956,2,3086
1957,2,3084
1958,2,3044
1959,1,3042
1960,1,3040
1961,1,3021
1962,2,2413
1963,1,3010
1964,1,3006
1965,2,1618
1966,1,2989
1967,1,2980
1968,2,987
1969,1,2871
1970,2,2793
1971,2,2073
1972,1,2796
1973,2,2569
1974,2,2695
1975,2,1583
1976,2,1006
1977,1,2680
1978,2,1827
1979,2,2591
1980,2,2593
1981,2,1340
1982,2,2548
1983,2,1345
1984,2,1160
1985,2,2449
1986,2,669
1987,2,937
1988,2,510
1989,1,2477
1990,2,2397
1991,2,2396
1992,2,2394
1993,2,50
1994,2,793
1995,1,2409
1996,1,2381
1997,1,2380
1998,2,1562
1999,2,2040
2000,1,2279
2001,2,2260
2002,2,2255
2003,2,1751
2004,1,2208
2005,1,2186
2006,1,2180
2007,2,2125
2008,2,2085
2009,2,33
2010,2,1846
2011,2,1933
2012,2,1918
2013,1,1901
2014,1,1855
2015,2,1492
2016,1,1779
2017,1,1774
2018,1,1767
2019,2,1762
2020,2,1709
2021,1,1698
2022,2,1352
2023,2,1686
2024,1,1685
2025,2,1333
2026,2,1460
2027,2,1643
2028,2,1607
2029,2,284
2030,2,440
2031,2,620
2032,1,1537
2033,2,1446
2034,2,1371
2035,2,1470
2036,1,1433
2037,1,1428
2038,1,1427
2039,1,1417
2040,2,1362
2041,1,1337
2042,2,486
2043,2,1139
2044,2,1316
2045,1,1290
2046,2,469
2047,2,383
2048,2,1258
2049,1,1221
2050,2,1142
2051,2,893
2052,2,379
2053,2,1143
2054,2,1075
2055,2,3
2056,2,929
2057,1,1074
2058,1,1020
2059,2,62
2060,2,234
2061,2,944
2062,1,896
2063,2,18
2064,1,756
2065,2,98
2066,2,402
2067,1,694
2068,2,605
2069,1,677
2070,1,607
2071,2,579
2072,2,72
2073,2,14
2074,2,118
2075,2,163
2076,1,299
2077,2,109
2078,2,15
2079,1,240
2080,1,237
2081,1,231
2082,1,200
2083,2,78
2084,1,22
2085,1,12
2086,1,16498
2087,1,16496
2088,1,16490
2089,1,16483
2090,1,16477
2091,1,16468
2092,1,16465
2093,1,16462
2094,1,16459
2095,1,16449
2096,1,16448
2097,1,16445
2098,1,16443
2099,1,16440
2100,1,16437
2101,1,16435
2102,1,16434
2103,1,16431
2104,1,16427
2105,1,16425
2106,1,16424
2107,1,16422
2108,1,16418
2109,1,16417
2110,1,16416
2111,1,16414
2112,1,16413
2113,1,16412
2114,1,16410
2115,1,16408
2116,1,16405
2117,1,16404
2118,1,16403
2119,1,16402
2120,1,16399
2121,1,16397
2122,1,16395
2123,1,16393
2124,1,16388
2125,1,16387
2126,1,16385
2127,1,16374
2128,1,16352
2129,1,16347
2130,1,16342
2131,1,16338
2132,1,16334
2133,1,16333
2134,1,16329
2135,1,16319
2136,1,16318
2137,1,16317
2138,1,16308
2139,1,16304
2140,1,16302
2141,1,16286
2142,1,16282
2143,1,16276
2144,1,16275
2145,1,16270
2146,1,16268
2147,1,16267
2148,1,16266
2149,1,16258
2150,1,16256
2151,1,16251
2152,1,16248
2153,1,16239
2154,1,16237
2155,1,16236
2156,1,16233
2157,1,16227
2158,1,16224
2159,1,16219
2160,1,16218
2161,1,16209
2162,1,16196
2163,1,16178
2164,1,16175
2165,1,16169
2166,1,16168
2167,1,16166
2168,1,16165
2169,1,16164
2170,1,16163
2171,1,16155
2172,1,16153
2173,1,16149
2174,1,16148
2175,1,16147
2176,1,16146
2177,1,16144
2178,1,16141
2179,1,16139
2180,1,16137
2181,1,16132
2182,1,16130
2183,1,16129
2184,1,16128
2185,1,16127
2186,1,16114
2187,1,16113
2188,1,16109
2189,1,16099
2190,1,16098
2191,1,16093
2192,1,16090
2193,1,16089
2194,1,16085
2195,1,16083
2196,1,16082
2197,1,16079
2198,1,16077
2199,1,16076
2200,1,16075
2201,1,16070
2202,1,16059
2203,1,16050
2204,1,16043
2205,1,16031
2206,1,16027
2207,1,16026
2208,1,16023
2209,1,16013
2210,1,15980
2211,1,15979
2212,1,15963
2213,1,15961
2214,1,15953
2215,1,15944
2216,1,15943
2217,1,15942
2218,1,15934
2219,1,15933
2220,1,15923
2221,1,15922
2222,1,15921
2223,1,15918
2224,1,15911
2225,1,15909
2226,1,15908
2227,1,15902
2228,1,15900
2229,1,15899
2230,1,15898
2231,1,15896
2232,1,15895
2233,1,15894
2234,1,15892
2235,1,15889
2236,1,15870
2237,1,15868
2238,1,15867
2239,1,15866
2240,1,15863
2241,1,15860
2242,1,15859
2243,1,15852
2244,1,15851
2245,1,15850
2246,1,15849
2247,1,15848
2248,1,15832
2249,1,15830
2250,1,15828
2251,1,15812
2252,1,15795
2253,1,15791
2254,1,15790
2255,1,15772
2256,1,15768
2257,1,15767
2258,1,15766
2259,1,15765
2260,1,15764
2261,1,15761
2262,1,15758
2263,1,15750
2264,1,15749
2265,1,15748
2266,1,15746
2267,1,15744
2268,1,15741
2269,1,15724
2270,1,15720
2271,1,15718
2272,1,15717
2273,1,15716
2274,1,15715
2275,1,15714
2276,1,15710
2277,1,15705
2278,1,15704
2279,1,15703
2280,1,15702
2281,1,15701
2282,1,15699
2283,1,15698
2284,1,15697
2285,1,15694
2286,1,15693
2287,1,15685
2288,1,15683
2289,1,15662
2290,1,15661
2291,1,15658
2292,1,15654
2293,1,15650
2294,1,15649
2295,1,15648
2296,1,15645
2297,1,15644
2298,1,15643
2299,1,15642
2300,1,15639
2301,1,15638
2302,1,15637
2303,1,15632
2304,1,15630
2305,1,15629
2306,1,15628
2307,1,15626
2308,1,15625
2309,1,15624
2310,1,15620
2311,1,15619
2312,1,15618
2313,1,15616
2314,1,15614
2315,1,15613
2316,1,15612
2317,1,15611
2318,1,15610
2319,1,15609
2320,1,15583
2321,1,15577
2322,1,15571
2323,1,15569
2324,1,15566
2325,1,15548
2326,1,15547
2327,1,15545
2328,1,15539
2329,1,15538
2330,1,15537
2331,1,15515
2332,1,15513
2333,1,15510
2334,1,15509
2335,1,15507
2336,1,15506
2337,1,15505
2338,1,15502
2339,1,15500
2340,1,15499
2341,1,15498
2342,1,15495
2343,1,15494
2344,1,15493
2345,1,15491
2346,1,15488
2347,1,15483
2348,1,15480
2349,1,15476
2350,1,15470
2351,1,15469
2352,1,15466
2353,1,15461
2354,1,15460
2355,1,15459
2356,1,15458
2357,1,15457
2358,1,15455
2359,1,15454
2360,1,15453
2361,1,15450
2362,1,15449
2363,1,15446
2364,1,15445
2365,1,15443
2366,1,15442
2367,1,15437
2368,1,15436
2369,1,15435
2370,1,15434
2371,1,15433
2372,1,15431
2373,1,15430
2374,1,15428
2375,1,15425
2376,1,15424
2377,1,15423
2378,1,15418
2379,1,15417
2380,1,15415
2381,1,15414
2382,1,15413
2383,1,15412
2384,1,15410
2385,1,15409
2386,1,15405
2387,1,15404
2388,1,15401
2389,1,15385
2390,1,15384
2391,1,15383
2392,1,15376
2393,1,15375
2394,1,15374
2395,1,15373
2396,1,15371
2397,1,15370
2398,1,15369
2399,1,15368
2400,1,15367
2401,1,15364
2402,1,15363
2403,1,15361
2404,1,15358
2405,1,15354
2406,1,15349
2407,1,15346
2408,1,15345
2409,1,15344
2410,1,15343
2411,1,15340
2412,1,15336
2413,1,15334
2414,1,15332
2415,1,15331
2416,1,15329
2417,1,15328
2418,1,15327
2419,1,15326
2420,1,15325
2421,1,15324
2422,1,15320
2423,1,15319
2424,1,15318
2425,1,15315
2426,1,15314
2427,1,15312
2428,1,15311
2429,1,15310
2430,1,15309
2431,1,15306
2432,1,15305
2433,1,15304
2434,1,15302
2435,1,15297
2436,1,15295
2437,1,15294
2438,1,15293
2439,1,15289
2440,1,15287
2441,1,15283
2442,1,15281
2443,1,15280
2444,1,15279
2445,1,15278
2446,1,15277
2447,1,15273
2448,1,15272
2449,1,15270
2450,1,15269
2451,1,15268
2452,1,15267
2453,1,15266
2454,1,15263
2455,1,15254
2456,1,15253
2457,1,15250
2458,1,15248
2459,1,15247
2460,1,15242
2461,1,15240
2462,1,15239
2463,1,15238
2464,1,15237
2465,1,15236
2466,1,15233
2467,1,15232
2468,1,15231
2469,1,15223
2470,1,15222
2471,1,15221
2472,1,15214
2473,1,15211
2474,1,15210
2475,1,15206
2476,1,15205
2477,1,15204
2478,1,15202
2479,1,15200
2480,1,15199
2481,1,15198
2482,1,15197
2483,1,15195
2484,1,15193
2485,1,15191
2486,1,15188
2487,1,15187
2488,1,15183
2489,1,15182
2490,1,15181
2491,1,15180
2492,1,15177
2493,1,15176
2494,1,15174
2495,1,15171
2496,1,15170
2497,1,15169
2498,1,15168
2499,1,15167
2500,1,15164
2501,1,15163
2502,1,15161
2503,1,15160
2504,1,15159
2505,1,15155
2506,1,15154
2507,1,15150
2508,1,15149
2509,1,15145
2510,1,15142
2511,1,15141
2512,1,15140
2513,1,15139
2514,1,15138
2515,1,15136
2516,1,15134
2517,1,15132
2518,1,15131
2519,1,15129
2520,1,15116
2521,1,15113
2522,1,15111
2523,1,15109
2524,1,15105
2525,1,15102
2526,1,15101
2527,1,15090
2528,1,15089
2529,1,15088
2530,1,15087
2531,1,15077
2532,1,15076
2533,1,15074
2534,1,15073
2535,1,15071
2536,1,15070
2537,1,15069
2538,1,15068
2539,1,15062
2540,1,15061
2541,1,15060
2542,1,15059
2543,1,15058
2544,1,15056
2545,1,15053
2546,1,15051
2547,1,15050
2548,1,15047
2549,1,15045
2550,1,15044
2551,1,15043
2552,1,15042
2553,1,15041
2554,1,15040
2555,1,15039
2556,1,15038
2557,1,15037
2558,1,15036
2559,1,15035
2560,1,15032
2561,1,15031
2562,1,15030
2563,1,15029
2564,1,15028
2565,1,15027
2566,1,15026
2567,1,15025
2568,1,15022
2569,1,15021
2570,1,15020
2571,1,15019
2572,1,15018
2573,1,15015
2574,1,15010
2575,1,15008
2576,1,15006
2577,1,15005
2578,1,15003
2579,1,15002
2580,1,14990
2581,1,14989
2582,1,14987
2583,1,14978
2584,1,14965
2585,1,14964
2586,1,14902
2587,1,14901
2588,1,14895
2589,1,14892
2590,1,14887
2591,1,14886
2592,1,14884
2593,1,14877
2594,1,14872
2595,1,14870
2596,1,14866
2597,1,14842
2598,1,14841
2599,1,14838
2600,1,14836
2601,1,14827
2602,1,14824
2603,1,14823
2604,1,14822
2605,1,14817
2606,1,14816
2607,1,14812
2608,1,14799
2609,1,14796
2610,1,14795
2611,1,14794
2612,1,14775
2613,1,14763
2614,1,14757
2615,1,14744
2616,1,14731
2617,1,14730
2618,1,14729
2619,1,14726
2620,1,14725
2621,1,14724
2622,1,14702
2623,1,14698
2624,1,14696
2625,1,14695
2626,1,14694
2627,1,14693
2628,1,14692
2629,1,14691
2630,1,14686
2631,1,14676
2632,1,14674
2633,1,14673
2634,1,14671
2635,1,14670
2636,1,14663
2637,1,14662
2638,1,14646
2639,1,14644
2640,1,14641
2641,1,14637
2642,1,14636
2643,1,14634
2644,1,14631
2645,1,14630
2646,1,14624
2647,1,14609
2648,1,14605
2649,1,14604
2650,1,14601
2651,1,14600
2652,1,14596
2653,1,14593
2654,1,14589
2655,1,14588
2656,1,14586
2657,1,14585
2658,1,14578
2659,1,14577
2660,1,14576
2661,1,14575
2662,1,14568
2663,1,14567
2664,1,14566
2665,1,14561
2666,1,14556
2667,1,14555
2668,1,14553
2669,1,14549
2670,1,14548
2671,1,14541
2672,1,14536
2673,1,14535
2674,1,14534
2675,1,14533
2676,1,14532
2677,1,14531
2678,1,14530
2679,1,14528
2680,1,14524
2681,1,14523
2682,1,14501
2683,1,14500
2684,1,14499
2685,1,14498
2686,1,14497
2687,1,14494
2688,1,14489
2689,1,14483
2690,1,14476
2691,1,14475
2692,1,14472
2693,1,14471
2694,1,14469
2695,1,14467
2696,1,14464
2697,1,14463
2698,1,14462
2699,1,14457
2700,1,14456
2701,1,14453
2702,1,14452
2703,1,14449
2704,1,14448
2705,1,14443
2706,1,14442
2707,1,14436
2708,1,14435
2709,1,14434
2710,1,14432
2711,1,14428
2712,1,14423
2713,1,14422
2714,1,14418
2715,1,14416
2716,1,14407
2717,1,14406
2718,1,14403
2719,1,14402
2720,1,14401
2721,1,14389
2722,1,14385
2723,1,14383
2724,1,14382
2725,1,14380
2726,1,14376
2727,1,14367
2728,1,14352
2729,1,14346
2730,1,14344
2731,1,14343
2732,1,14335
2733,1,14333
2734,1,14331
2735,1,14328
2736,1,14327
2737,1,14325
2738,1,14321
2739,1,14317
2740,1,14316
2741,1,14315
2742,1,14314
2743,1,14313
2744,1,14309
2745,1,14301
2746,1,14294
2747,1,14293
2748,1,14292
2749,1,14290
2750,1,14289
2751,1,14287
2752,1,14285
2753,1,14281
2754,1,14277
2755,1,14273
2756,1,14272
2757,1,14269
2758,1,14268
2759,1,14267
2760,1,14265
2761,1,14261
2762,1,14260
2763,1,14259
2764,1,14254
2765,1,14251
2766,1,14250
2767,1,14249
2768,1,14247
2769,1,14246
2770,1,14242
2771,1,14241
2772,1,14240
2773,1,14239
2774,1,14238
2775,1,14235
2776,1,14233
2777,1,14231
2778,1,14227
2779,1,14226
2780,1,14225
2781,1,14221
2782,1,14220
2783,1,14219
2784,1,14216
2785,1,14215
2786,1,14208
2787,1,14204
2788,1,14203
2789,1,14202
2790,1,14195
2791,1,14194
2792,1,14193
2793,1,14192
2794,1,14191
2795,1,14190
2796,1,14189
2797,1,14188
2798,1,14187
2799,1,14186
2800,1,14185
2801,1,14183
2802,1,14180
2803,1,14179
2804,1,14174
2805,1,14173
2806,1,14167
2807,1,14163
2808,1,14160
2809,1,14159
2810,1,14157
2811,1,14154
2812,1,14153
2813,1,14152
2814,1,14147
2815,1,14146
2816,1,14141
2817,1,14139
2818,1,14135
2819,1,14124
2820,1,14122
2821,1,14121
2822,1,14120
2823,1,14119
2824,1,14118
2825,1,14117
2826,1,14116
2827,1,14115
2828,1,14114
2829,1,14113
2830,1,14111
2831,1,14110
2832,1,14107
2833,1,14106
2834,1,14105
2835,1,14104
2836,1,14103
2837,1,14102
2838,1,14101
2839,1,14097
2840,1,14096
2841,1,14094
2842,1,14093
2843,1,14092
2844,1,14091
2845,1,14089
2846,1,14088
2847,1,14085
2848,1,14083
2849,1,14082
2850,1,14076
2851,1,14040
2852,1,14038
2853,1,14037
2854,1,14036
2855,1,14035
2856,1,14030
2857,1,14029
2858,1,14010
2859,1,14006
2860,1,14004
2861,1,14001
2862,1,13994
2863,1,13993
2864,1,13990
2865,1,13987
2866,1,13986
2867,1,13981
2868,1,13978
2869,1,13977
2870,1,13975
2871,1,13974
2872,1,13973
2873,1,13970
2874,1,13969
2875,1,13968
2876,1,13966
2877,1,13961
2878,1,13960
2879,1,13954
2880,1,13952
2881,1,13951
2882,1,13949
2883,1,13948
2884,1,13947
2885,1,13946
2886,1,13945
2887,1,13944
2888,1,13942
2889,1,13940
2890,1,13939
2891,1,13937
2892,1,13934
2893,1,13931
2894,1,13922
2895,1,13919
2896,1,13911
2897,1,13910
2898,1,13909
2899,1,13908
2900,1,13905
2901,1,13904
2902,1,13903
2903,1,13895
2904,1,13894
2905,1,13893
2906,1,13892
2907,1,13891
2908,1,13890
2909,1,13889
2910,1,13887
2911,1,13886
2912,1,13877
2913,1,13875
2914,1,13872
2915,1,13871
2916,1,13864
2917,1,13852
2918,1,13845
2919,1,13839
2920,1,13838
2921,1,13837
2922,1,13836
2923,1,13830
2924,1,13826
2925,1,13825
2926,1,13824
2927,1,13823
2928,1,13822
2929,1,13821
2930,1,13815
2931,1,13812
2932,1,13811
2933,1,13810
2934,1,13809
2935,1,13808
2936,1,13807
2937,1,13802
2938,1,13801
2939,1,13799
2940,1,13794
2941,1,13791
2942,1,13789
2943,1,13787
2944,1,13786
2945,1,13785
2946,1,13784
2947,1,13782
2948,1,13781
2949,1,13780
2950,1,13778
2951,1,13774
2952,1,13771
2953,1,13767
2954,1,13764
2955,1,13761
2956,1,13760
2957,1,13759
2958,1,13758
2959,1,13752
2960,1,13750
2961,1,13746
2962,1,13742
2963,1,13726
2964,1,13721
2965,1,13716
2966,1,13714
2967,1,13713
2968,1,13708
2969,1,13707
2970,1,13704
2971,1,13703
2972,1,13702
2973,1,13697
2974,1,13694
2975,1,13682
2976,1,13681
2977,1,13680
2978,1,13679
2979,1,13676
2980,1,13667
2981,1,13662
2982,1,13645
2983,1,13619
2984,1,13617
2985,1,13616
2986,1,13613
2987,1,13612
2988,1,13611
2989,1,13609
2990,1,13604
2991,1,13601
2992,1,13597
2993,1,13589
2994,1,13582
2995,1,13580
2996,1,13578
2997,1,13577
2998,1,13572
2999,1,13565
3000,1,13563
3001,1,13558
3002,1,13557
3003,1,13551
3004,1,13550
3005,1,13540
3006,1,13537
3007,1,13536
3008,1,13526
3009,1,13516
3010,1,13515
3011,1,13511
3012,1,13502
3013,1,13499
3014,1,13487
3015,1,13486
3016,1,13483
3017,1,13481
3018,1,13458
3019,1,13454
3020,1,13453
3021,1,13451
3022,1,13449
3023,1,13448
3024,1,13447
3025,1,13444
3026,1,13442
3027,1,13416
3028,1,13415
3029,1,13407
3030,1,13406
3031,1,13404
3032,1,13397
3033,1,13396
3034,1,13389
3035,1,13388
3036,1,13387
3037,1,13381
3038,1,13380
3039,1,13377
3040,1,13374
3041,1,13372
3042,1,13371
3043,1,13367
3044,1,13364
3045,1,13362
3046,1,13361
3047,1,13358
3048,1,13357
3049,1,13356
3050,1,13352
3051,1,13351
3052,1,13350
3053,1,13349
3054,1,13343
3055,1,13342
3056,1,13339
3057,1,13337
3058,1,13336
3059,1,13335
3060,1,13334
3061,1,13333
3062,1,13332
3063,1,13325
3064,1,13324
3065,1,13316
3066,1,13312
3067,1,13310
3068,1,13309
3069,1,13308
3070,1,13307
3071,1,13305
3072,1,13304
3073,1,13303
3074,1,13301
3075,1,13297
3076,1,13295
3077,1,13293
3078,1,13288
3079,1,13285
3080,1,13282
3081,1,13255
3082,1,13249
3083,1,13247
3084,1,13244
3085,1,13239
3086,1,13238
3087,1,13237
3088,1,13227
3089,1,13226
3090,1,13224
3091,1,13222
3092,1,13220
3093,1,13206
3094,1,13192
3095,1,13191
3096,1,13180
3097,1,13175
3098,1,13174
3099,1,13173
3100,1,13172
3101,1,13170
3102,1,13169
3103,1,13168
3104,1,13164
3105,1,13163
3106,1,13162
3107,1,13161
3108,1,13160
3109,1,13159
3110,1,13139
3111,1,13135
3112,1,13117
3113,1,13116
3114,1,13115
3115,1,13114
3116,1,13111
3117,1,13109
3118,1,13108
3119,1,13107
3120,1,13104
3121,1,13103
3122,1,13102
3123,1,13101
3124,1,13100
3125,1,13098
3126,1,13097
3127,1,13095
3128,1,13094
3129,1,13093
3130,1,13092
3131,1,13069
3132,1,13067
3133,1,13064
3134,1,13062
3135,1,13061
3136,1,13058
3137,1,13056
3138,1,13055
3139,1,13053
3140,1,13050
3141,1,13047
3142,1,13044
3143,1,13043
3144,1,13042
3145,1,13040
3146,1,13037
3147,1,13031
3148,1,13030
3149,1,13029
3150,1,13028
3151,1,13026
3152,1,13023
3153,1,13022
3154,1,13021
3155,1,13019
3156,1,13000
3157,1,12997
3158,1,12996
3159,1,12993
3160,1,12989
3161,1,12988
3162,1,12986
3163,1,12985
3164,1,12984
3165,1,12981
3166,1,12980
3167,1,12979
3168,1,12978
3169,1,12977
3170,1,12976
3171,1,12974
3172,1,12971
3173,1,12970
3174,1,12956
3175,1,12955
3176,1,12952
3177,1,12951
3178,1,12948
3179,1,12944
3180,1,12942
3181,1,12941
3182,1,12936
3183,1,12935
3184,1,12933
3185,1,12930
3186,1,12929
3187,1,12927
3188,1,12926
3189,1,12925
3190,1,12922
3191,1,12921
3192,1,12920
3193,1,12919
3194,1,12918
3195,1,12917
3196,1,12916
3197,1,12915
3198,1,12914
3199,1,12913
3200,1,12911
3201,1,12910
3202,1,12909
3203,1,12908
3204,1,12907
3205,1,12906
3206,1,12904
3207,1,12903
3208,1,12901
3209,1,12899
3210,1,12898
3211,1,12897
3212,1,12896
3213,1,12895
3214,1,12894
3215,1,12892
3216,1,12889
3217,1,12888
3218,1,12887
3219,1,12886
3220,1,12885
3221,1,12884
3222,1,12883
3223,1,12882
3224,1,12881
3225,1,12880
3226,1,12868
3227,1,12867
3228,1,12862
3229,1,12858
3230,1,12856
3231,1,12847
3232,1,12846
3233,1,12845
3234,1,12843
3235,1,12840
3236,1,12836
3237,1,12834
3238,1,12833
3239,1,12828
3240,1,12825
3241,1,12820
3242,1,12818
3243,1,12816
3244,1,12815
3245,1,12814
3246,1,12808
3247,1,12807
3248,1,12806
3249,1,12803
3250,1,12799
3251,1,12796
3252,1,12795
3253,1,12785
3254,1,12784
3255,1,12783
3256,1,12781
3257,1,12780
3258,1,12768
3259,1,12763
3260,1,12750
3261,1,12749
3262,1,12748
3263,1,12743
3264,1,12742
3265,1,12740
3266,1,12739
3267,1,12737
3268,1,12728
3269,1,12726
3270,1,12723
3271,1,12722
3272,1,12721
3273,1,12720
3274,1,12719
3275,1,12714
3276,1,12713
3277,1,12712
3278,1,12699
3279,1,12698
3280,1,12697
3281,1,12696
3282,1,12695
3283,1,12694
3284,1,12692
3285,1,12690
3286,1,12689
3287,1,12685
3288,1,12682
3289,1,12681
3290,1,12680
3291,1,12679
3292,1,12677
3293,1,12670
3294,1,12669
3295,1,12667
3296,1,12666
3297,1,12664
3298,1,12662
3299,1,12652
3300,1,12649
3301,1,12648
3302,1,12646
3303,1,12645
3304,1,12644
3305,1,12625
3306,1,12624
3307,1,12623
3308,1,12622
3309,1,12620
3310,1,12617
3311,1,12615
3312,1,12612
3313,1,12610
3314,1,12607
3315,1,12605
3316,1,12602
3317,1,12597
3318,1,12594
3319,1,12590
3320,1,12589
3321,1,12588
3322,1,12587
3323,1,12586
3324,1,12585
3325,1,12582
3326,1,12580
3327,1,12578
3328,1,12577
3329,1,12576
3330,1,12574
3331,1,12571
3332,1,12569
3333,1,12566
3334,1,12565
3335,1,12561
3336,1,12560
3337,1,12559
3338,1,12558
3339,1,12557
3340,1,12555
3341,1,12547
3342,1,12544
3343,1,12540
3344,1,12539
3345,1,12538
3346,1,12537
3347,1,12533
3348,1,12527
3349,1,12526
3350,1,12524
3351,1,12523
3352,1,12517
3353,1,12516
3354,1,12515
3355,1,12513
3356,1,12511
3357,1,12501
3358,1,12497
3359,1,12496
3360,1,12495
3361,1,12494
3362,1,12486
3363,1,12481
3364,1,12475
3365,1,12473
3366,1,12471
3367,1,12470
3368,1,12469
3369,1,12465
3370,1,12464
3371,1,12463
3372,1,12461
3373,1,12458
3374,1,12452
3375,1,12448
3376,1,12445
3377,1,12444
3378,1,12434
3379,1,12431
3380,1,12429
3381,1,12428
3382,1,12421
3383,1,12402
3384,1,12395
3385,1,12393
3386,1,12386
3387,1,12356
3388,1,12350
3389,1,12341
3390,1,12340
3391,1,12316
3392,1,12315
3393,1,12314
3394,1,12313
3395,1,12312
3396,1,12311
3397,1,12310
3398,1,12305
3399,1,12304
3400,1,12300
3401,1,12297
3402,1,12295
3403,1,12291
3404,1,12281
3405,1,12265
3406,1,12264
3407,1,12258
3408,1,12257
3409,1,12256
3410,1,12231
3411,1,12230
3412,1,12229
3413,1,12218
3414,1,12216
3415,1,12214
3416,1,12213
3417,1,12211
3418,1,12210
3419,1,12208
3420,1,12190
3421,1,12178
3422,1,12177
3423,1,12174
3424,1,12173
3425,1,12172
3426,1,12170
3427,1,12168
3428,1,12151
3429,1,12137
3430,1,12136
3431,1,12135
3432,1,12130
3433,1,12116
3434,1,12113
3435,1,12109
3436,1,12107
3437,1,12106
3438,1,12105
3439,1,12104
3440,1,12103
3441,1,12102
3442,1,12101
3443,1,12098
3444,1,12097
3445,1,12095
3446,1,12088
3447,1,12083
3448,1,12071
3449,1,12067
3450,1,12066
3451,1,12063
3452,1,12062
3453,1,12058
3454,1,12052
3455,1,12051
3456,1,12050
3457,1,12045
3458,1,12042
3459,1,12025
3460,1,12022
3461,1,12018
3462,1,12002
3463,1,12001
3464,1,11999
3465,1,11995
3466,1,11990
3467,1,11988
3468,1,11975
3469,1,11968
3470,1,11964
3471,1,11948
3472,1,11943
3473,1,11941
3474,1,11935
3475,1,11933
3476,1,11931
3477,1,11928
3478,1,11925
3479,1,11921
3480,1,11919
3481,1,11914
3482,1,11913
3483,1,11910
3484,1,11909
3485,1,11902
3486,1,11890
3487,1,11889
3488,1,11860
3489,1,11849
3490,1,11846
3491,1,11818
3492,1,11817
3493,1,11813
3494,1,11812
3495,1,11810
3496,1,11809
3497,1,11808
3498,1,11807
3499,1,11806
3500,1,11804
3501,1,11796
3502,1,11778
3503,1,11775
3504,1,11774
3505,1,11771
3506,1,11760
3507,1,11759
3508,1,11758
3509,1,11756
3510,1,11755
3511,1,11753
3512,1,11751
3513,1,11736
3514,1,11735
3515,1,11728
3516,1,11716
3517,1,11713
3518,1,11712
3519,1,11711
3520,1,11708
3521,1,11706
3522,1,11704
3523,1,11702
3524,1,11701
3525,1,11700
3526,1,11699
3527,1,11697
3528,1,11696
3529,1,11656
3530,1,11649
3531,1,11646
3532,1,11644
3533,1,11643
3534,1,11639
3535,1,11638
3536,1,11637
3537,1,11630
3538,1,11629
3539,1,11627
3540,1,11626
3541,1,11625
3542,1,11624
3543,1,11614
3544,1,11606
3545,1,11604
3546,1,11598
3547,1,11588
3548,1,11587
3549,1,11586
3550,1,11585
3551,1,11584
3552,1,11583
3553,1,11582
3554,1,11581
3555,1,11580
3556,1,11569
3557,1,11568
3558,1,11566
3559,1,11565
3560,1,11564
3561,1,11562
3562,1,11558
3563,1,11555
3564,1,11550
3565,1,11546
3566,1,11544
3567,1,11542
3568,1,11541
3569,1,11540
3570,1,11539
3571,1,11538
3572,1,11537
3573,1,11532
3574,1,11528
3575,1,11525
3576,1,11524
3577,1,11523
3578,1,11517
3579,1,11515
3580,1,11514
3581,1,11513
3582,1,11508
3583,1,11503
3584,1,11501
3585,1,11500
3586,1,11498
3587,1,11497
3588,1,11494
3589,1,11492
3590,1,11488
3591,1,11485
3592,1,11483
3593,1,11482
3594,1,11481
3595,1,11476
3596,1,11472
3597,1,11469
3598,1,11468
3599,1,11467
3600,1,11457
3601,1,11456
3602,1,11452
3603,1,11450
3604,1,11449
3605,1,11448
3606,1,11447
3607,1,11446
3608,1,11445
3609,1,11444
3610,1,11443
3611,1,11441
3612,1,11439
3613,1,11438
3614,1,11435
3615,1,11433
3616,1,11432
3617,1,11431
3618,1,11428
3619,1,11426
3620,1,11425
3621,1,11420
3622,1,11412
3623,1,11411
3624,1,11408
3625,1,11406
3626,1,11405
3627,1,11399
3628,1,11397
3629,1,11396
3630,1,11395
3631,1,11394
3632,1,11393
3633,1,11389
3634,1,11387
3635,1,11385
3636,1,11384
3637,1,11382
3638,1,11381
3639,1,11379
3640,1,11378
3641,1,11377
3642,1,11374
3643,1,11373
3644,1,11372
3645,1,11371
3646,1,11370
3647,1,11369
3648,1,11368
3649,1,11367
3650,1,11365
3651,1,11363
3652,1,11359
3653,1,11354
3654,1,11353
3655,1,11352
3656,1,11351
3657,1,11349
3658,1,11348
3659,1,11344
3660,1,11343
3661,1,11342
3662,1,11341
3663,1,11337
3664,1,11336
3665,1,11333
3666,1,11332
3667,1,11330
3668,1,11322
3669,1,11321
3670,1,11320
3671,1,11319
3672,1,11318
3673,1,11317
3674,1,11316
3675,1,11315
3676,1,11314
3677,1,11313
3678,1,11312
3679,1,11311
3680,1,11310
3681,1,11309
3682,1,11307
3683,1,11306
3684,1,11305
3685,1,11304
3686,1,11303
3687,1,11302
3688,1,11301
3689,1,11292
3690,1,11286
3691,1,11285
3692,1,11283
3693,1,11281
3694,1,11265
3695,1,11264
3696,1,11263
3697,1,11259
3698,1,11258
3699,1,11257
3700,1,11256
3701,1,11255
3702,1,11254
3703,1,11253
3704,1,11251
3705,1,11249
3706,1,11247
3707,1,11246
3708,1,11245
3709,1,11244
3710,1,11243
3711,1,11242
3712,1,11241
3713,1,11240
3714,1,11239
3715,1,11238
3716,1,11236
3717,1,11235
3718,1,11234
3719,1,11227
3720,1,11224
3721,1,11221
3722,1,11220
3723,1,11218
3724,1,11217
3725,1,11215
3726,1,11214
3727,1,11212
3728,1,11211
3729,1,11209
3730,1,11208
3731,1,11207
3732,1,11206
3733,1,11205
3734,1,11204
3735,1,11203
3736,1,11202
3737,1,11200
3738,1,11199
3739,1,11191
3740,1,11190
3741,1,11189
3742,1,11188
3743,1,11185
3744,1,11183
3745,1,11174
3746,1,11173
3747,1,11172
3748,1,11169
3749,1,11168
3750,1,11164
3751,1,11163
3752,1,11162
3753,1,11161
3754,1,11160
3755,1,11159
3756,1,11157
3757,1,11156
3758,1,11155
3759,1,11154
3760,1,11153
3761,1,11151
3762,1,11150
3763,1,11149
3764,1,11148
3765,1,11147
3766,1,11146
3767,1,11145
3768,1,11140
3769,1,11138
3770,1,11137
3771,1,11135
3772,1,11130
3773,1,11129
3774,1,11127
3775,1,11126
3776,1,11125
3777,1,11124
3778,1,11123
3779,1,11118
3780,1,11115
3781,1,11113
3782,1,11110
3783,1,11109
3784,1,11103
3785,1,11101
3786,1,11100
3787,1,11095
3788,1,11093
3789,1,11092
3790,1,11091
3791,1,11090
3792,1,11089
3793,1,11087
3794,1,11086
3795,1,11084
3796,1,11083
3797,1,11082
3798,1,11081
3799,1,11079
3800,1,11077
3801,1,11075
3802,1,11074
3803,1,11070
3804,1,11062
3805,1,11061
3806,1,11060
3807,1,11045
3808,1,11043
3809,1,11041
3810,1,11040
3811,1,11039
3812,1,11038
3813,1,11037
3814,1,11036
3815,1,11035
3816,1,11030
3817,1,11029
3818,1,11028
3819,1,11027
3820,1,11025
3821,1,11024
3822,1,11023
3823,1,11022
3824,1,11018
3825,1,11017
3826,1,11015
3827,1,11011
3828,1,11001
3829,1,11000
3830,1,10999
3831,1,10997
3832,1,10996
3833,1,10992
3834,1,10991
3835,1,10990
3836,1,10989
3837,1,10988
3838,1,10987
3839,1,10986
3840,1,10981
3841,1,10980
3842,1,10978
3843,1,10977
3844,1,10976
3845,1,10955
3846,1,10947
3847,1,10939
3848,1,10936
3849,1,10935
3850,1,10932
3851,1,10931
3852,1,10930
3853,1,10928
3854,1,10927
3855,1,10920
3856,1,10919
3857,1,10915
3858,1,10914
3859,1,10912
3860,1,10911
3861,1,10906
3862,1,10905
3863,1,10904
3864,1,10901
3865,1,10897
3866,1,10896
3867,1,10895
3868,1,10892
3869,1,10891
3870,1,10887
3871,1,10886
3872,1,10885
3873,1,10884
3874,1,10883
3875,1,10881
3876,1,10880
3877,1,10877
3878,1,10872
3879,1,10871
3880,1,10870
3881,1,10869
3882,1,10868
3883,1,10866
3884,1,10865
3885,1,10864
3886,1,10863
3887,1,10862
3888,1,10861
3889,1,10860
3890,1,10859
3891,1,10858
3892,1,10857
3893,1,10855
3894,1,10854
3895,1,10853
3896,1,10852
3897,1,10850
3898,1,10842
3899,1,10841
3900,1,10840
3901,1,10839
3902,1,10838
3903,1,10837
3904,1,10836
3905,1,10835
3906,1,10834
3907,1,10833
3908,1,10832
3909,1,10831
3910,1,10830
3911,1,10829
3912,1,10828
3913,1,10827
3914,1,10824
3915,1,10823
3916,1,10822
3917,1,10821
3918,1,10816
3919,1,10814
3920,1,10812
3921,1,10810
3922,1,10809
3923,1,10808
3924,1,10807
3925,1,10806
3926,1,10805
3927,1,10804
3928,1,10803
3929,1,10802
3930,1,10800
3931,1,10799
3932,1,10798
3933,1,10797
3934,1,10796
3935,1,10795
3936,1,10792
3937,1,10791
3938,1,10790
3939,1,10789
3940,1,10788
3941,1,10787
3942,1,10786
3943,1,10782
3944,1,10781
3945,1,10780
3946,1,10779
3947,1,10778
3948,1,10777
3949,1,10776
3950,1,10774
3951,1,10773
3952,1,10772
3953,1,10771
3954,1,10770
3955,1,10769
3956,1,10765
3957,1,10764
3958,1,10762
3959,1,10761
3960,1,10760
3961,1,10754
3962,1,10752
3963,1,10751
3964,1,10747
3965,1,10746
3966,1,10745
3967,1,10744
3968,1,10743
3969,1,10741
3970,1,10740
3971,1,10733
3972,1,10732
3973,1,10731
3974,1,10730
3975,1,10729
3976,1,10728
3977,1,10727
3978,1,10726
3979,1,10725
3980,1,10722
3981,1,10720
3982,1,10719
3983,1,10717
3984,1,10716
3985,1,10715
3986,1,10714
3987,1,10708
3988,1,10707
3989,1,10706
3990,1,10701
3991,1,10699
3992,1,10696
3993,1,10694
3994,1,10691
3995,1,10690
3996,1,10684
3997,1,10683
3998,1,10682
3999,1,10681
4000,1,10680
4001,1,10679
4002,1,10678
4003,1,10674
4004,1,10673
4005,1,10672
4006,1,10670
4007,1,10669
4008,1,10668
4009,1,10667
4010,1,10666
4011,1,10664
4012,1,10663
4013,1,10662
4014,1,10661
4015,1,10660
4016,1,10659
4017,1,10658
4018,1,10656
4019,1,10655
4020,1,10654
4021,1,10652
4022,1,10651
4023,1,10650
4024,1,10649
4025,1,10648
4026,1,10646
4027,1,10645
4028,1,10644
4029,1,10643
4030,1,10642
4031,1,10641
4032,1,10640
4033,1,10639
4034,1,10638
4035,1,10637
4036,1,10636
4037,1,10633
4038,1,10632
4039,1,10631
4040,1,10630
4041,1,10629
4042,1,10628
4043,1,10623
4044,1,10621
4045,1,10620
4046,1,10619
4047,1,10618
4048,1,10617
4049,1,10615
4050,1,10614
4051,1,10613
4052,1,10612
4053,1,10611
4054,1,10609
4055,1,10608
4056,1,10607
4057,1,10606
4058,1,10604
4059,1,10603
4060,1,10602
4061,1,10601
4062,1,10600
4063,1,10597
4064,1,10596
4065,1,10595
4066,1,10594
4067,1,10592
4068,1,10590
4069,1,10589
4070,1,10588
4071,1,10584
4072,1,10582
4073,1,10579
4074,1,10577
4075,1,10576
4076,1,10575
4077,1,10574
4078,1,10573
4079,1,10570
4080,1,10569
4081,1,10567
4082,1,10566
4083,1,10564
4084,1,10561
4085,1,10560
4086,1,10559
4087,1,10558
4088,1,10557
4089,1,10556
4090,1,10550
4091,1,10535
4092,1,10532
4093,1,10530
4094,1,10529
4095,1,10527
4096,1,10524
4097,1,10522
4098,1,10517
4099,1,10516
4100,1,10512
4101,1,10511
4102,1,10510
4103,1,10500
4104,1,10498
4105,1,10496
4106,1,10464
4107,1,10462
4108,1,10452
4109,1,10449
4110,1,10447
4111,1,10446
4112,1,10442
4113,1,10439
4114,1,10438
4115,1,10429
4116,1,10425
4117,1,10418
4118,1,10417
4119,1,10416
4120,1,10411
4121,1,10410
4122,1,10409
4123,1,10408
4124,1,10407
4125,1,10400
4126,1,10384
4127,1,10383
4128,1,10381
4129,1,10380
4130,1,10379
4131,1,10376
4132,1,10375
4133,1,10374
4134,1,10367
4135,1,10366
4136,1,10365
4137,1,10347
4138,1,10344
4139,1,10343
4140,1,10342
4141,1,10339
4142,1,10326
4143,1,10323
4144,1,10322
4145,1,10321
4146,1,10320
4147,1,10272
4148,1,10271
4149,1,10267
4150,1,10265
4151,1,10264
4152,1,10263
4153,1,10250
4154,1,10247
4155,1,10242
4156,1,10241
4157,1,10235
4158,1,10233
4159,1,10230
4160,1,10229
4161,1,10228
4162,1,10227
4163,1,10223
4164,1,10219
4165,1,10218
4166,1,10217
4167,1,10206
4168,1,10204
4169,1,10203
4170,1,10202
4171,1,10195
4172,1,10194
4173,1,10193
4174,1,10191
4175,1,10188
4176,1,10173
4177,1,10171
4178,1,10170
4179,1,10168
4180,1,10166
4181,1,10165
4182,1,10157
4183,1,10152
4184,1,10150
4185,1,10149
4186,1,10148
4187,1,10146
4188,1,10145
4189,1,10144
4190,1,10143
4191,1,10140
4192,1,10139
4193,1,10138
4194,1,10137
4195,1,10135
4196,1,10128
4197,1,10127
4198,1,10126
4199,1,10125
4200,1,10124
4201,1,10119
4202,1,10118
4203,1,10114
4204,1,10112
4205,1,10108
4206,1,10107
4207,1,10106
4208,1,10099
4209,1,10095
4210,1,10087
4211,1,10086
4212,1,10081
4213,1,10080
4214,1,10072
4215,1,10069
4216,1,10068
4217,1,10064
4218,1,10063
4219,1,10062
4220,1,10054
4221,1,10052
4222,1,10048
4223,1,10047
4224,1,10046
4225,1,10044
4226,1,10043
4227,1,10042
4228,1,10036
4229,1,10035
4230,1,10024
4231,1,9996
4232,1,9988
4233,1,9986
4234,1,9981
4235,1,9980
4236,1,9971
4237,1,9969
4238,1,9966
4239,1,9965
4240,1,9964
4241,1,9963
4242,1,9955
4243,1,9951
4244,1,9950
4245,1,9949
4246,1,9945
4247,1,9942
4248,1,9941
4249,1,9936
4250,1,9935
4251,1,9934
4252,1,9933
4253,1,9925
4254,1,9920
4255,1,9918
4256,1,9917
4257,1,9916
4258,1,9911
4259,1,9910
4260,1,9909
4261,1,9908
4262,1,9905
4263,1,9882
4264,1,9878
4265,1,9876
4266,1,9870
4267,1,9865
4268,1,9863
4269,1,9862
4270,1,9861
4271,1,9859
4272,1,9853
4273,1,9852
4274,1,9850
4275,1,9849
4276,1,9847
4277,1,9845
4278,1,9840
4279,1,9838
4280,1,9835
4281,1,9834
4282,1,9831
4283,1,9827
4284,1,9822
4285,1,9821
4286,1,9818
4287,1,9817
4288,1,9814
4289,1,9803
4290,1,9801
4291,1,9800
4292,1,9798
4293,1,9797
4294,1,9789
4295,1,9787
4296,1,9785
4297,1,9784
4298,1,9780
4299,1,9779
4300,1,9755
4301,1,9753
4302,1,9750
4303,1,9748
4304,1,9746
4305,1,9745
4306,1,9744
4307,1,9742
4308,1,9735
4309,1,9732
4310,1,9730
4311,1,9729
4312,1,9726
4313,1,9719
4314,1,9714
4315,1,9713
4316,1,9712
4317,1,9708
4318,1,9706
4319,1,9695
4320,1,9694
4321,1,9685
4322,1,9684
4323,1,9673
4324,1,9672
4325,1,9669
4326,1,9667
4327,1,9666
4328,1,9664
4329,1,9661
4330,1,9660
4331,1,9659
4332,1,9658
4333,1,9657
4334,1,9655
4335,1,9651
4336,1,9649
4337,1,9648
4338,1,9647
4339,1,9643
4340,1,9642
4341,1,9641
4342,1,9640
4343,1,9639
4344,1,9638
4345,1,9630
4346,1,9626
4347,1,9625
4348,1,9618
4349,1,9614
4350,1,9612
4351,1,9596
4352,1,9585
4353,1,9575
4354,1,9565
4355,1,9560
4356,1,9559
4357,1,9558
4358,1,9557
4359,1,9556
4360,1,9555
4361,1,9525
4362,1,9522
4363,1,9517
4364,1,9516
4365,1,9509
4366,1,9505
4367,1,9502
4368,1,9500
4369,1,9465
4370,1,9463
4371,1,9443
4372,1,9442
4373,1,9441
4374,1,9439
4375,1,9438
4376,1,9437
4377,1,9431
4378,1,9428
4379,1,9426
4380,1,9425
4381,1,9423
4382,1,9415
4383,1,9411
4384,1,9410
4385,1,9405
4386,1,9400
4387,1,9388
4388,1,9369
4389,1,9368
4390,1,9363
4391,1,9359
4392,1,9357
4393,1,9353
4394,1,9352
4395,1,9351
4396,1,9350
4397,1,9349
4398,1,9348
4399,1,9347
4400,1,9346
4401,1,9343
4402,1,9339
4403,1,9336
4404,1,9335
4405,1,9332
4406,1,9331
4407,1,9330
4408,1,9329
4409,1,9328
4410,1,9320
4411,1,9318
4412,1,9317
4413,1,9311
4414,1,9310
4415,1,9309
4416,1,9307
4417,1,9306
4418,1,9299
4419,1,9298
4420,1,9297
4421,1,9291
4422,1,9290
4423,1,9288
4424,1,9285
4425,1,9284
4426,1,9283
4427,1,9282
4428,1,9268
4429,1,9260
4430,1,9259
4431,1,9253
4432,1,9244
4433,1,9240
4434,1,9211
4435,1,9201
4436,1,9200
4437,1,9199
4438,1,9186
4439,1,9185
4440,1,9184
4441,1,9180
4442,1,9178
4443,1,9174
4444,1,9173
4445,1,9171
4446,1,9168
4447,1,9166
4448,1,9165
4449,1,9163
4450,1,9162
4451,1,9161
4452,1,9160
4453,1,9158
4454,1,9156
4455,1,9155
4456,1,9154
4457,1,9153
4458,1,9147
4459,1,9139
4460,1,9138
4461,1,9137
4462,1,9132
4463,1,9121
4464,1,9112
4465,1,9110
4466,1,9105
4467,1,9104
4468,1,9103
4469,1,9100
4470,1,9099
4471,1,9098
4472,1,9097
4473,1,9096
4474,1,9094
4475,1,9093
4476,1,9092
4477,1,9089
4478,1,9088
4479,1,9087
4480,1,9086
4481,1,9081
4482,1,9080
4483,1,9076
4484,1,9062
4485,1,9054
4486,1,9053
4487,1,9048
4488,1,9043
4489,1,9040
4490,1,9039
4491,1,9032
4492,1,9029
4493,1,9028
4494,1,9026
4495,1,9023
4496,1,9014
4497,1,9012
4498,1,9010
4499,1,9009
4500,1,9007
4501,1,8998
4502,1,8995
4503,1,8994
4504,1,8993
4505,1,8992
4506,1,8991
4507,1,8988
4508,1,8981
4509,1,8976
4510,1,8971
4511,1,8969
4512,1,8968
4513,1,8964
4514,1,8963
4515,1,8962
4516,1,8960
4517,1,8956
4518,1,8955
4519,1,8952
4520,1,8951
4521,1,8950
4522,1,8949
4523,1,8948
4524,1,8943
4525,1,8942
4526,1,8939
4527,1,8938
4528,1,8937
4529,1,8936
4530,1,8926
4531,1,8925
4532,1,8922
4533,1,8920
4534,1,8916
4535,1,8913
4536,1,8912
4537,1,8911
4538,1,8910
4539,1,8908
4540,1,8907
4541,1,8903
4542,1,8902
4543,1,8896
4544,1,8895
4545,1,8891
4546,1,8890
4547,1,8889
4548,1,8888
4549,1,8887
4550,1,8885
4551,1,8873
4552,1,8868
4553,1,8862
4554,1,8861
4555,1,8859
4556,1,8856
4557,1,8848
4558,1,8847
4559,1,8843
4560,1,8841
4561,1,8838
4562,1,8834
4563,1,8831
4564,1,8830
4565,1,8829
4566,1,8825
4567,1,8824
4568,1,8815
4569,1,8814
4570,1,8813
4571,1,8804
4572,1,8801
4573,1,8795
4574,1,8791
4575,1,8789
4576,1,8782
4577,1,8780
4578,1,8779
4579,1,8778
4580,1,8777
4581,1,8776
4582,1,8775
4583,1,8774
4584,1,8766
4585,1,8764
4586,1,8763
4587,1,8761
4588,1,8759
4589,1,8758
4590,1,8754
4591,1,8750
4592,1,8747
4593,1,8739
4594,1,8733
4595,1,8732
4596,1,8731
4597,1,8730
4598,1,8728
4599,1,8727
4600,1,8724
4601,1,8707
4602,1,8706
4603,1,8704
4604,1,8703
4605,1,8697
4606,1,8695
4607,1,8692
4608,1,8686
4609,1,8679
4610,1,8678
4611,1,8674
4612,1,8671
4613,1,8670
4614,1,8669
4615,1,8661
4616,1,8660
4617,1,8659
4618,1,8656
4619,1,8653
4620,1,8651
4621,1,8649
4622,1,8645
4623,1,8642
4624,1,8641
4625,1,8640
4626,1,8638
4627,1,8637
4628,1,8632
4629,1,8631
4630,1,8629
4631,1,8628
4632,1,8626
4633,1,8598
4634,1,8587
4635,1,8586
4636,1,8583
4637,1,8581
4638,1,8571
4639,1,8570
4640,1,8569
4641,1,8568
4642,1,8567
4643,1,8558
4644,1,8548
4645,1,8545
4646,1,8543
4647,1,8540
4648,1,8539
4649,1,8532
4650,1,8531
4651,1,8524
4652,1,8523
4653,1,8520
4654,1,8516
4655,1,8515
4656,1,8502
4657,1,8500
4658,1,8498
4659,1,8497
4660,1,8492
4661,1,8490
4662,1,8481
4663,1,8477
4664,1,8472
4665,1,8471
4666,1,8464
4667,1,8453
4668,1,8452
4669,1,8447
4670,1,8443
4671,1,8441
4672,1,8440
4673,1,8438
4674,1,8431
4675,1,8430
4676,1,8428
4677,1,8427
4678,1,8424
4679,1,8419
4680,1,8418
4681,1,8417
4682,1,8416
4683,1,8415
4684,1,8412
4685,1,8411
4686,1,8407
4687,1,8406
4688,1,8405
4689,1,8403
4690,1,8402
4691,1,8401
4692,1,8400
4693,1,8397
4694,1,8392
4695,1,8391
4696,1,8390
4697,1,8389
4698,1,8388
4699,1,8385
4700,1,8384
4701,1,8381
4702,1,8379
4703,1,8373
4704,1,8371
4705,1,8370
4706,1,8369
4707,1,8366
4708,1,8354
4709,1,8353
4710,1,8322
4711,1,8321
4712,1,8320
4713,1,8311
4714,1,8308
4715,1,8304
4716,1,8302
4717,1,8301
4718,1,8299
4719,1,8298
4720,1,8296
4721,1,8295
4722,1,8294
4723,1,8292
4724,1,8289
4725,1,8288
4726,1,8286
4727,1,8285
4728,1,8282
4729,1,8281
4730,1,8276
4731,1,8273
4732,1,8270
4733,1,8267
4734,1,8265
4735,1,8264
4736,1,8262
4737,1,8261
4738,1,8259
4739,1,8239
4740,1,8238
4741,1,8235
4742,1,8225
4743,1,8223
4744,1,8222
4745,1,8218
4746,1,8217
4747,1,8216
4748,1,8208
4749,1,8207
4750,1,8206
4751,1,8201
4752,1,8199
4753,1,8196
4754,1,8190
4755,1,8189
4756,1,8180
4757,1,8178
4758,1,8177
4759,1,8176
4760,1,8173
4761,1,8171
4762,1,8167
4763,1,8166
4764,1,8154
4765,1,8148
4766,1,8139
4767,1,8134
4768,1,8133
4769,1,8123
4770,1,8121
4771,1,8096
4772,1,8091
4773,1,8088
4774,1,8082
4775,1,8081
4776,1,8080
4777,1,8079
4778,1,8078
4779,1,8075
4780,1,8073
4781,1,8072
4782,1,8070
4783,1,8069
4784,1,8068
4785,1,8065
4786,1,8064
4787,1,8062
4788,1,8061
4789,1,8060
4790,1,8058
4791,1,8050
4792,1,8049
4793,1,8047
4794,1,8045
4795,1,8041
4796,1,8036
4797,1,8029
4798,1,8026
4799,1,8023
4800,1,8019
4801,1,8018
4802,1,8017
4803,1,8016
4804,1,8015
4805,1,8012
4806,1,8010
4807,1,7988
4808,1,7987
4809,1,7984
4810,1,7966
4811,1,7964
4812,1,7961
4813,1,7960
4814,1,7958
4815,1,7956
4816,1,7955
4817,1,7952
4818,1,7951
4819,1,7949
4820,1,7948
4821,1,7947
4822,1,7946
4823,1,7945
4824,1,7944
4825,1,7939
4826,1,7937
4827,1,7935
4828,1,7931
4829,1,7927
4830,1,7921
4831,1,7908
4832,1,7907
4833,1,7903
4834,1,7897
4835,1,7896
4836,1,7890
4837,1,7886
4838,1,7885
4839,1,7881
4840,1,7880
4841,1,7865
4842,1,7864
4843,1,7862
4844,1,7861
4845,1,7860
4846,1,7857
4847,1,7856
4848,1,7855
4849,1,7854
4850,1,7852
4851,1,7851
4852,1,7847
4853,1,7846
4854,1,7844
4855,1,7843
4856,1,7842
4857,1,7841
4858,1,7836
4859,1,7820
4860,1,7818
4861,1,7810
4862,1,7807
4863,1,7785
4864,1,7783
4865,1,7781
4866,1,7774
4867,1,7773
4868,1,7772
4869,1,7769
4870,1,7763
4871,1,7761
4872,1,7760
4873,1,7759
4874,1,7758
4875,1,7756
4876,1,7755
4877,1,7754
4878,1,7751
4879,1,7750
4880,1,7749
4881,1,7748
4882,1,7745
4883,1,7739
4884,1,7738
4885,1,7737
4886,1,7735
4887,1,7733
4888,1,7731
4889,1,7729
4890,1,7728
4891,1,7721
4892,1,7714
4893,1,7712
4894,1,7711
4895,1,7710
4896,1,7707
4897,1,7706
4898,1,7704
4899,1,7702
4900,1,7700
4901,1,7696
4902,1,7694
4903,1,7693
4904,1,7692
4905,1,7690
4906,1,7689
4907,1,7688
4908,1,7687
4909,1,7686
4910,1,7683
4911,1,7681
4912,1,7680
4913,1,7679
4914,1,7675
4915,1,7671
4916,1,7670
4917,1,7666
4918,1,7663
4919,1,7660
4920,1,7658
4921,1,7657
4922,1,7639
4923,1,7638
4924,1,7627
4925,1,7626
4926,1,7625
4927,1,7623
4928,1,7621
4929,1,7620
4930,1,7619
4931,1,7618
4932,1,7616
4933,1,7610
4934,1,7608
4935,1,7607
4936,1,7605
4937,1,7598
4938,1,7596
4939,1,7595
4940,1,7589
4941,1,7588
4942,1,7587
4943,1,7571
4944,1,7569
4945,1,7568
4946,1,7564
4947,1,7563
4948,1,7562
4949,1,7561
4950,1,7560
4951,1,7559
4952,1,7557
4953,1,7554
4954,1,7553
4955,1,7543
4956,1,7542
4957,1,7541
4958,1,7540
4959,1,7539
4960,1,7538
4961,1,7531
4962,1,7530
4963,1,7529
4964,1,7527
4965,1,7525
4966,1,7524
4967,1,7519
4968,1,7518
4969,1,7516
4970,1,7513
4971,1,7510
4972,1,7509
4973,1,7507
4974,1,7506
4975,1,7503
4976,1,7502
4977,1,7501
4978,1,7495
4979,1,7494
4980,1,7493
4981,1,7484
4982,1,7483
4983,1,7481
4984,1,7478
4985,1,7477
4986,1,7471
4987,1,7465
4988,1,7463
4989,1,7461
4990,1,7459
4991,1,7457
4992,1,7456
4993,1,7455
4994,1,7454
4995,1,7452
4996,1,7450
4997,1,7449
4998,1,7448
4999,1,7446
5000,1,7445
5001,1,7443
5002,1,7442
5003,1,7441
5004,1,7440
5005,1,7439
5006,1,7432
5007,1,7431
5008,1,7430
5009,1,7416
5010,1,7412
5011,1,7411
5012,1,7410
5013,1,7409
5014,1,7408
5015,1,7407
5016,1,7406
5017,1,7402
5018,1,7401
5019,1,7400
5020,1,7399
5021,1,7397
5022,1,7386
5023,1,7379
5024,1,7378
5025,1,7377
5026,1,7375
5027,1,7373
5028,1,7369
5029,1,7367
5030,1,7366
5031,1,7364
5032,1,7363
5033,1,7362
5034,1,7361
5035,1,7360
5036,1,7355
5037,1,7354
5038,1,7346
5039,1,7344
5040,1,7343
5041,1,7342
5042,1,7341
5043,1,7340
5044,1,7334
5045,1,7333
5046,1,7331
5047,1,7330
5048,1,7327
5049,1,7326
5050,1,7325
5051,1,7321
5052,1,7315
5053,1,7314
5054,1,7312
5055,1,7311
5056,1,7310
5057,1,7308
5058,1,7306
5059,1,7305
5060,1,7303
5061,1,7300
5062,1,7299
5063,1,7280
5064,1,7278
5065,1,7277
5066,1,7276
5067,1,7275
5068,1,7272
5069,1,7271
5070,1,7270
5071,1,7269
5072,1,7268
5073,1,7267
5074,1,7266
5075,1,7265
5076,1,7264
5077,1,7263
5078,1,7262
5079,1,7259
5080,1,7258
5081,1,7257
5082,1,7256
5083,1,7255
5084,1,7254
5085,1,7253
5086,1,7252
5087,1,7248
5088,1,7246
5089,1,7245
5090,1,7240
5091,1,7234
5092,1,7233
5093,1,7232
5094,1,7226
5095,1,7225
5096,1,7224
5097,1,7222
5098,1,7221
5099,1,7220
5100,1,7219
5101,1,7214
5102,1,7212
5103,1,7211
5104,1,7207
5105,1,7206
5106,1,7204
5107,1,7175
5108,1,7174
5109,1,7173
5110,1,7172
5111,1,7170
5112,1,7168
5113,1,7160
5114,1,7159
5115,1,7158
5116,1,7157
5117,1,7154
5118,1,7153
5119,1,7152
5120,1,7149
5121,1,7147
5122,1,7146
5123,1,7145
5124,1,7141
5125,1,7133
5126,1,7132
5127,1,7131
5128,1,7130
5129,1,7128
5130,1,7126
5131,1,7123
5132,1,7119
5133,1,7117
5134,1,7113
5135,1,7112
5136,1,7109
5137,1,7108
5138,1,7107
5139,1,7103
5140,1,7102
5141,1,7101
5142,1,7100
5143,1,7099
5144,1,7098
5145,1,7096
5146,1,7094
5147,1,7087
5148,1,7085
5149,1,7084
5150,1,7082
5151,1,7081
5152,1,7080
5153,1,7077
5154,1,7076
5155,1,7075
5156,1,7074
5157,1,7070
5158,1,7069
5159,1,7062
5160,1,7059
5161,1,7057
5162,1,7056
5163,1,7055
5164,1,7054
5165,1,7053
5166,1,7052
5167,1,7050
5168,1,7049
5169,1,7047
5170,1,7046
5171,1,7045
5172,1,7042
5173,1,7041
5174,1,7040
5175,1,7038
5176,1,7036
5177,1,7035
5178,1,7034
5179,1,7033
5180,1,7030
5181,1,7029
5182,1,7027
5183,1,7023
5184,1,7007
5185,1,7005
5186,1,7004
5187,1,7003
5188,1,7000
5189,1,6996
5190,1,6994
5191,1,6993
5192,1,6992
5193,1,6989
5194,1,6988
5195,1,6986
5196,1,6980
5197,1,6977
5198,1,6973
5199,1,6968
5200,1,6967
5201,1,6960
5202,1,6959
5203,1,6955
5204,1,6941
5205,1,6924
5206,1,6923
5207,1,6915
5208,1,6914
5209,1,6912
5210,1,6911
5211,1,6910
5212,1,6908
5213,1,6903
5214,1,6901
5215,1,6897
5216,1,6896
5217,1,6894
5218,1,6889
5219,1,6886
5220,1,6885
5221,1,6881
5222,1,6880
5223,1,6879
5224,1,6877
5225,1,6876
5226,1,6872
5227,1,6868
5228,1,6866
5229,1,6865
5230,1,6864
5231,1,6863
5232,1,6862
5233,1,6860
5234,1,6859
5235,1,6856
5236,1,6855
5237,1,6854
5238,1,6852
5239,1,6849
5240,1,6848
5241,1,6847
5242,1,6846
5243,1,6845
5244,1,6836
5245,1,6835
5246,1,6825
5247,1,6824
5248,1,6823
5249,1,6822
5250,1,6821
5251,1,6816
5252,1,6815
5253,1,6804
5254,1,6803
5255,1,6802
5256,1,6801
5257,1,6799
5258,1,6794
5259,1,6791
5260,1,6790
5261,1,6788
5262,1,6786
5263,1,6782
5264,1,6780
5265,1,6774
5266,1,6744
5267,1,6740
5268,1,6739
5269,1,6738
5270,1,6737
5271,1,6735
5272,1,6733
5273,1,6729
5274,1,6728
5275,1,6726
5276,1,6713
5277,1,6706
5278,1,6704
5279,1,6702
5280,1,6701
5281,1,6698
5282,1,6697
5283,1,6673
5284,1,6671
5285,1,6670
5286,1,6669
5287,1,6665
5288,1,6662
5289,1,6646
5290,1,6641
5291,1,6640
5292,1,6634
5293,1,6633
5294,1,6632
5295,1,6630
5296,1,6626
5297,1,6625
5298,1,6622
5299,1,6621
5300,1,6619
5301,1,6618
5302,1,6615
5303,1,6613
5304,1,6612
5305,1,6611
5306,1,6608
5307,1,6606
5308,1,6604
5309,1,6590
5310,1,6588
5311,1,6583
5312,1,6580
5313,1,6579
5314,1,6578
5315,1,6571
5316,1,6563
5317,1,6562
5318,1,6555
5319,1,6553
5320,1,6547
5321,1,6545
5322,1,6542
5323,1,6539
5324,1,6533
5325,1,6532
5326,1,6529
5327,1,6528
5328,1,6527
5329,1,6525
5330,1,6522
5331,1,6519
5332,1,6517
5333,1,6512
5334,1,6511
5335,1,6506
5336,1,6503
5337,1,6495
5338,1,6493
5339,1,6492
5340,1,6491
5341,1,6490
5342,1,6488
5343,1,6486
5344,1,6484
5345,1,6483
5346,1,6482
5347,1,6481
5348,1,6480
5349,1,6474
5350,1,6469
5351,1,6467
5352,1,6466
5353,1,6464
5354,1,6462
5355,1,6440
5356,1,6439
5357,1,6437
5358,1,6436
5359,1,6435
5360,1,6431
5361,1,6430
5362,1,6429
5363,1,6416
5364,1,6394
5365,1,6379
5366,1,6377
5367,1,6371
5368,1,6370
5369,1,6369
5370,1,6363
5371,1,6357
5372,1,6355
5373,1,6354
5374,1,6347
5375,1,6332
5376,1,6329
5377,1,6327
5378,1,6326
5379,1,6325
5380,1,6321
5381,1,6320
5382,1,6317
5383,1,6316
5384,1,6311
5385,1,6310
5386,1,6308
5387,1,6306
5388,1,6305
5389,1,6304
5390,1,6301
5391,1,6292
5392,1,6279
5393,1,6278
5394,1,6277
5395,1,6276
5396,1,6275
5397,1,6274
5398,1,6269
5399,1,6268
5400,1,6267
5401,1,6266
5402,1,6265
5403,1,6264
5404,1,6263
5405,1,6262
5406,1,6260
5407,1,6256
5408,1,6247
5409,1,6246
5410,1,6237
5411,1,6236
5412,1,6216
5413,1,6215
5414,1,6214
5415,1,6211
5416,1,6210
5417,1,6209
5418,1,6208
5419,1,6206
5420,1,6205
5421,1,6204
5422,1,6199
5423,1,6198
5424,1,6197
5425,1,6192
5426,1,6191
5427,1,6189
5428,1,6187
5429,1,6180
5430,1,6171
5431,1,6170
5432,1,6163
5433,1,6154
5434,1,6153
5435,1,6146
5436,1,6145
5437,1,6141
5438,1,6124
5439,1,6123
5440,1,6122
5441,1,6117
5442,1,6116
5443,1,6115
5444,1,6113
5445,1,6112
5446,1,6111
5447,1,6110
5448,1,6108
5449,1,6107
5450,1,6104
5451,1,6103
5452,1,6102
5453,1,6099
5454,1,6096
5455,1,6095
5456,1,6094
5457,1,6093
5458,1,6092
5459,1,6083
5460,1,6082
5461,1,6081
5462,1,6078
5463,1,6077
5464,1,6073
5465,1,6072
5466,1,6071
5467,1,6068
5468,1,6067
5469,1,6063
5470,1,6062
5471,1,6056
5472,1,6052
5473,1,6051
5474,1,6049
5475,1,6047
5476,1,6046
5477,1,6045
5478,1,6044
5479,1,6032
5480,1,6031
5481,1,6030
5482,1,6029
5483,1,6022
5484,1,6021
5485,1,6020
5486,1,6011
5487,1,6010
5488,1,6008
5489,1,6005
5490,1,5998
5491,1,5997
5492,1,5995
5493,1,5994
5494,1,5993
5495,1,5986
5496,1,5985
5497,1,5984
5498,1,5983
5499,1,5980
5500,1,5973
5501,1,5964
5502,1,5963
5503,1,5962
5504,1,5958
5505,1,5943
5506,1,5937
5507,1,5936
5508,1,5932
5509,1,5927
5510,1,5920
5511,1,5916
5512,1,5913
5513,1,5910
5514,1,5907
5515,1,5905
5516,1,5904
5517,1,5903
5518,1,5897
5519,1,5895
5520,1,5892
5521,1,5889
5522,1,5888
5523,1,5887
5524,1,5880
5525,1,5876
5526,1,5875
5527,1,5873
5528,1,5869
5529,1,5868
5530,1,5867
5531,1,5864
5532,1,5847
5533,1,5846
5534,1,5845
5535,1,5842
5536,1,5841
5537,1,5840
5538,1,5838
5539,1,5834
5540,1,5833
5541,1,5832
5542,1,5830
5543,1,5829
5544,1,5828
5545,1,5826
5546,1,5825
5547,1,5824
5548,1,5817
5549,1,5816
5550,1,5815
5551,1,5813
5552,1,5806
5553,1,5794
5554,1,5793
5555,1,5790
5556,1,5787
5557,1,5786
5558,1,5785
5559,1,5784
5560,1,5782
5561,1,5781
5562,1,5780
5563,1,5773
5564,1,5771
5565,1,5770
5566,1,5768
5567,1,5766
5568,1,5764
5569,1,5763
5570,1,5762
5571,1,5760
5572,1,5758
5573,1,5755
5574,1,5753
5575,1,5752
5576,1,5751
5577,1,5746
5578,1,5745
5579,1,5743
5580,1,5740
5581,1,5738
5582,1,5736
5583,1,5735
5584,1,5734
5585,1,5726
5586,1,5722
5587,1,5721
5588,1,5718
5589,1,5707
5590,1,5705
5591,1,5704
5592,1,5703
5593,1,5693
5594,1,5689
5595,1,5682
5596,1,5676
5597,1,5675
5598,1,5674
5599,1,5668
5600,1,5667
5601,1,5666
5602,1,5665
5603,1,5649
5604,1,5648
5605,1,5646
5606,1,5645
5607,1,5644
5608,1,5643
5609,1,5641
5610,1,5636
5611,1,5634
5612,1,5633
5613,1,5624
5614,1,5622
5615,1,5617
5616,1,5613
5617,1,5611
5618,1,5597
5619,1,5596
5620,1,5594
5621,1,5588
5622,1,5584
5623,1,5580
5624,1,5579
5625,1,5578
5626,1,5576
5627,1,5575
5628,1,5574
5629,1,5573
5630,1,5572
5631,1,5571
5632,1,5570
5633,1,5563
5634,1,5562
5635,1,5561
5636,1,5559
5637,1,5558
5638,1,5557
5639,1,5555
5640,1,5553
5641,1,5552
5642,1,5551
5643,1,5550
5644,1,5548
5645,1,5541
5646,1,5539
5647,1,5536
5648,1,5535
5649,1,5531
5650,1,5530
5651,1,5529
5652,1,5528
5653,1,5527
5654,1,5525
5655,1,5524
5656,1,5523
5657,1,5522
5658,1,5516
5659,1,5515
5660,1,5513
5661,1,5510
5662,1,5509
5663,1,5505
5664,1,5504
5665,1,5497
5666,1,5495
5667,1,5485
5668,1,5483
5669,1,5482
5670,1,5481
5671,1,5477
5672,1,5476
5673,1,5474
5674,1,5473
5675,1,5472
5676,1,5469
5677,1,5464
5678,1,5456
5679,1,5455
5680,1,5452
5681,1,5450
5682,1,5449
5683,1,5448
5684,1,5447
5685,1,5436
5686,1,5434
5687,1,5433
5688,1,5432
5689,1,5431
5690,1,5430
5691,1,5422
5692,1,5421
5693,1,5420
5694,1,5419
5695,1,5418
5696,1,5417
5697,1,5416
5698,1,5411
5699,1,5409
5700,1,5408
5701,1,5405
5702,1,5404
5703,1,5401
5704,1,5398
5705,1,5385
5706,1,5382
5707,1,5374
5708,1,5373
5709,1,5370
5710,1,5369
5711,1,5368
5712,1,5362
5713,1,5359
5714,1,5358
5715,1,5357
5716,1,5355
5717,1,5354
5718,1,5347
5719,1,5344
5720,1,5341
5721,1,5340
5722,1,5323
5723,1,5322
5724,1,5319
5725,1,5317
5726,1,5309
5727,1,5306
5728,1,5303
5729,1,5293
5730,1,5292
5731,1,5291
5732,1,5288
5733,1,5286
5734,1,5282
5735,1,5281
5736,1,5277
5737,1,5276
5738,1,5271
5739,1,5270
5740,1,5269
5741,1,5268
5742,1,5266
5743,1,5265
5744,1,5262
5745,1,5261
5746,1,5260
5747,1,5257
5748,1,5255
5749,1,5254
5750,1,5248
5751,1,5245
5752,1,5244
5753,1,5241
5754,1,5240
5755,1,5239
5756,1,5237
5757,1,5228
5758,1,5227
5759,1,5224
5760,1,5214
5761,1,5212
5762,1,5209
5763,1,5207
5764,1,5205
5765,1,5204
5766,1,5201
5767,1,5200
5768,1,5184
5769,1,5183
5770,1,5182
5771,1,5178
5772,1,5176
5773,1,5175
5774,1,5174
5775,1,5163
5776,1,5160
5777,1,5159
5778,1,5158
5779,1,5157
5780,1,5156
5781,1,5155
5782,1,5144
5783,1,5143
5784,1,5141
5785,1,5139
5786,1,5138
5787,1,5137
5788,1,5134
5789,1,5133
5790,1,5132
5791,1,5129
5792,1,5128
5793,1,5126
5794,1,5122
5795,1,5121
5796,1,5120
5797,1,5118
5798,1,5116
5799,1,5097
5800,1,5096
5801,1,5094
5802,1,5093
5803,1,5091
5804,1,5090
5805,1,5089
5806,1,5085
5807,1,5080
5808,1,5078
5809,1,5077
5810,1,5075
5811,1,5074
5812,1,5073
5813,1,5069
5814,1,5065
5815,1,5063
5816,1,5060
5817,1,5059
5818,1,5058
5819,1,5057
5820,1,5056
5821,1,5045
5822,1,5040
5823,1,5038
5824,1,5036
5825,1,5035
5826,1,5034
5827,1,5033
5828,1,5032
5829,1,5025
5830,1,5024
5831,1,5018
5832,1,5017
5833,1,5016
5834,1,5006
5835,1,5005
5836,1,5004
5837,1,5003
5838,1,5001
5839,1,5000
5840,1,4995
5841,1,4994
5842,1,4993
5843,1,4991
5844,1,4990
5845,1,4988
5846,1,4979
5847,1,4978
5848,1,4977
5849,1,4972
5850,1,4969
5851,1,4965
5852,1,4964
5853,1,4963
5854,1,4962
5855,1,4960
5856,1,4958
5857,1,4951
5858,1,4950
5859,1,4947
5860,1,4946
5861,1,4941
5862,1,4940
5863,1,4938
5864,1,4937
5865,1,4936
5866,1,4924
5867,1,4923
5868,1,4922
5869,1,4916
5870,1,4915
5871,1,4914
5872,1,4911
5873,1,4908
5874,1,4906
5875,1,4905
5876,1,4904
5877,1,4903
5878,1,4902
5879,1,4900
5880,1,4897
5881,1,4890
5882,1,4889
5883,1,4888
5884,1,4886
5885,1,4884
5886,1,4883
5887,1,4882
5888,1,4881
5889,1,4880
5890,1,4877
5891,1,4876
5892,1,4874
5893,1,4873
5894,1,4872
5895,1,4863
5896,1,4859
5897,1,4856
5898,1,4848
5899,1,4844
5900,1,4843
5901,1,4841
5902,1,4838
5903,1,4836
5904,1,4835
5905,1,4820
5906,1,4818
5907,1,4816
5908,1,4815
5909,1,4814
5910,1,4809
5911,1,4808
5912,1,4807
5913,1,4803
5914,1,4801
5915,1,4800
5916,1,4798
5917,1,4797
5918,1,4796
5919,1,4794
5920,1,4793
5921,1,4791
5922,1,4790
5923,1,4785
5924,1,4784
5925,1,4781
5926,1,4775
5927,1,4774
5928,1,4772
5929,1,4771
5930,1,4769
5931,1,4767
5932,1,4766
5933,1,4765
5934,1,4762
5935,1,4759
5936,1,4757
5937,1,4756
5938,1,4754
5939,1,4749
5940,1,4741
5941,1,4739
5942,1,4738
5943,1,4733
5944,1,4731
5945,1,4730
5946,1,4714
5947,1,4713
5948,1,4712
5949,1,4711
5950,1,4709
5951,1,4700
5952,1,4699
5953,1,4698
5954,1,4697
5955,1,4691
5956,1,4689
5957,1,4688
5958,1,4687
5959,1,4686
5960,1,4680
5961,1,4664
5962,1,4645
5963,1,4644
5964,1,4643
5965,1,4642
5966,1,4640
5967,1,4639
5968,1,4638
5969,1,4637
5970,1,4635
5971,1,4634
5972,1,4629
5973,1,4626
5974,1,4624
5975,1,4616
5976,1,4613
5977,1,4612
5978,1,4610
5979,1,4608
5980,1,4606
5981,1,4602
5982,1,4595
5983,1,4594
5984,1,4593
5985,1,4591
5986,1,4586
5987,1,4575
5988,1,4572
5989,1,4571
5990,1,4563
5991,1,4548
5992,1,4547
5993,1,4546
5994,1,4545
5995,1,4541
5996,1,4537
5997,1,4533
5998,1,4532
5999,1,4531
6000,1,4530
6001,1,4527
6002,1,4524
6003,1,4523
6004,1,4522
6005,1,4513
6006,1,4512
6007,1,4508
6008,1,4507
6009,1,4506
6010,1,4503
6011,1,4502
6012,1,4501
6013,1,4499
6014,1,4497
6015,1,4496
6016,1,4492
6017,1,4483
6018,1,4482
6019,1,4480
6020,1,4479
6021,1,4478
6022,1,4474
6023,1,4472
6024,1,4471
6025,1,4470
6026,1,4467
6027,1,4466
6028,1,4464
6029,1,4461
6030,1,4460
6031,1,4457
6032,1,4456
6033,1,4452
6034,1,4447
6035,1,4440
6036,1,4430
6037,1,4429
6038,1,4421
6039,1,4419
6040,1,4417
6041,1,4416
6042,1,4414
6043,1,4409
6044,1,4407
6045,1,4403
6046,1,4399
6047,1,4390
6048,1,4388
6049,1,4383
6050,1,4382
6051,1,4381
6052,1,4377
6053,1,4374
6054,1,4373
6055,1,4367
6056,1,4366
6057,1,4364
6058,1,4363
6059,1,4358
6060,1,4356
6061,1,4353
6062,1,4349
6063,1,4348
6064,1,4345
6065,1,4344
6066,1,4338
6067,1,4335
6068,1,4334
6069,1,4332
6070,1,4328
6071,1,4325
6072,1,4311
6073,1,4308
6074,1,4300
6075,1,4298
6076,1,4295
6077,1,4294
6078,1,4293
6079,1,4291
6080,1,4288
6081,1,4282
6082,1,4281
6083,1,4280
6084,1,4278
6085,1,4277
6086,1,4276
6087,1,4270
6088,1,4264
6089,1,4263
6090,1,4262
6091,1,4261
6092,1,4260
6093,1,4259
6094,1,4256
6095,1,4255
6096,1,4254
6097,1,4253
6098,1,4252
6099,1,4251
6100,1,4250
6101,1,4246
6102,1,4245
6103,1,4244
6104,1,4243
6105,1,4242
6106,1,4240
6107,1,4238
6108,1,4236
6109,1,4222
6110,1,4220
6111,1,4218
6112,1,4217
6113,1,4216
6114,1,4214
6115,1,4213
6116,1,4212
6117,1,4210
6118,1,4209
6119,1,4208
6120,1,4207
6121,1,4206
6122,1,4205
6123,1,4204
6124,1,4200
6125,1,4195
6126,1,4184
6127,1,4173
6128,1,4172
6129,1,4171
6130,1,4169
6131,1,4166
6132,1,4163
6133,1,4160
6134,1,4159
6135,1,4157
6136,1,4155
6137,1,4154
6138,1,4152
6139,1,4150
6140,1,4149
6141,1,4147
6142,1,4144
6143,1,4142
6144,1,4141
6145,1,4140
6146,1,4139
6147,1,4135
6148,1,4128
6149,1,4127
6150,1,4126
6151,1,4125
6152,1,4124
6153,1,4123
6154,1,4118
6155,1,4116
6156,1,4115
6157,1,4111
6158,1,4109
6159,1,4108
6160,1,4106
6161,1,4105
6162,1,4103
6163,1,4102
6164,1,4101
6165,1,4099
6166,1,4093
6167,1,4088
6168,1,4087
6169,1,4086
6170,1,4085
6171,1,4084
6172,1,4082
6173,1,4077
6174,1,4076
6175,1,4073
6176,1,4072
6177,1,4069
6178,1,4068
6179,1,4066
6180,1,4063
6181,1,4061
6182,1,4060
6183,1,4058
6184,1,4057
6185,1,4056
6186,1,4055
6187,1,4054
6188,1,4052
6189,1,4049
6190,1,4047
6191,1,4046
6192,1,4039
6193,1,4035
6194,1,4033
6195,1,4032
6196,1,4031
6197,1,4030
6198,1,4029
6199,1,4028
6200,1,4027
6201,1,4026
6202,1,4025
6203,1,4024
6204,1,4018
6205,1,4017
6206,1,4016
6207,1,4011
6208,1,4010
6209,1,4009
6210,1,4006
6211,1,4001
6212,1,4000
6213,1,3997
6214,1,3996
6215,1,3995
6216,1,3993
6217,1,3991
6218,1,3990
6219,1,3988
6220,1,3987
6221,1,3985
6222,1,3984
6223,1,3982
6224,1,3981
6225,1,3979
6226,1,3977
6227,1,3976
6228,1,3973
6229,1,3972
6230,1,3970
6231,1,3968
6232,1,3967
6233,1,3965
6234,1,3964
6235,1,3962
6236,1,3960
6237,1,3959
6238,1,3958
6239,1,3956
6240,1,3955
6241,1,3952
6242,1,3949
6243,1,3948
6244,1,3947
6245,1,3945
6246,1,3944
6247,1,3941
6248,1,3939
6249,1,3937
6250,1,3934
6251,1,3933
6252,1,3931
6253,1,3927
6254,1,3926
6255,1,3925
6256,1,3924
6257,1,3922
6258,1,3921
6259,1,3920
6260,1,3919
6261,1,3916
6262,1,3915
6263,1,3914
6264,1,3913
6265,1,3912
6266,1,3911
6267,1,3910
6268,1,3908
6269,1,3907
6270,1,3906
6271,1,3904
6272,1,3903
6273,1,3901
6274,1,3900
6275,1,3899
6276,1,3898
6277,1,3896
6278,1,3892
6279,1,3891
6280,1,3889
6281,1,3884
6282,1,3883
6283,1,3879
6284,1,3878
6285,1,3877
6286,1,3874
6287,1,3861
6288,1,3860
6289,1,3859
6290,1,3858
6291,1,3841
6292,1,3836
6293,1,3831
6294,1,3830
6295,1,3829
6296,1,3828
6297,1,3827
6298,1,3824
6299,1,3822
6300,1,3821
6301,1,3819
6302,1,3816
6303,1,3815
6304,1,3814
6305,1,3813
6306,1,3811
6307,1,3810
6308,1,3809
6309,1,3808
6310,1,3807
6311,1,3805
6312,1,3803
6313,1,3802
6314,1,3801
6315,1,3800
6316,1,3799
6317,1,3796
6318,1,3795
6319,1,3794
6320,1,3792
6321,1,3790
6322,1,3789
6323,1,3788
6324,1,3787
6325,1,3786
6326,1,3785
6327,1,3783
6328,1,3782
6329,1,3781
6330,1,3780
6331,1,3778
6332,1,3777
6333,1,3776
6334,1,3775
6335,1,3774
6336,1,3773
6337,1,3772
6338,1,3768
6339,1,3767
6340,1,3765
6341,1,3764
6342,1,3763
6343,1,3762
6344,1,3761
6345,1,3759
6346,1,3758
6347,1,3756
6348,1,3755
6349,1,3753
6350,1,3748
6351,1,3747
6352,1,3746
6353,1,3745
6354,1,3744
6355,1,3740
6356,1,3739
6357,1,3738
6358,1,3737
6359,1,3735
6360,1,3733
6361,1,3732
6362,1,3730
6363,1,3729
6364,1,3727
6365,1,3726
6366,1,3724
6367,1,3723
6368,1,3721
6369,1,3720
6370,1,3719
6371,1,3717
6372,1,3716
6373,1,3715
6374,1,3714
6375,1,3713
6376,1,3712
6377,1,3710
6378,1,3709
6379,1,3706
6380,1,3705
6381,1,3704
6382,1,3703
6383,1,3702
6384,1,3701
6385,1,3700
6386,1,3699
6387,1,3698
6388,1,3697
6389,1,3694
6390,1,3693
6391,1,3689
6392,1,3686
6393,1,3683
6394,1,3682
6395,1,3681
6396,1,3680
6397,1,3679
6398,1,3678
6399,1,3676
6400,1,3675
6401,1,3674
6402,1,3669
6403,1,3668
6404,1,3667
6405,1,3665
6406,1,3664
6407,1,3663
6408,1,3661
6409,1,3660
6410,1,3657
6411,1,3648
6412,1,3645
6413,1,3644
6414,1,3642
6415,1,3641
6416,1,3639
6417,1,3635
6418,1,3634
6419,1,3632
6420,1,3630
6421,1,3629
6422,1,3623
6423,1,3618
6424,1,3614
6425,1,3613
6426,1,3612
6427,1,3611
6428,1,3610
6429,1,3608
6430,1,3607
6431,1,3606
6432,1,3605
6433,1,3604
6434,1,3601
6435,1,3598
6436,1,3596
6437,1,3595
6438,1,3594
6439,1,3593
6440,1,3592
6441,1,3586
6442,1,3578
6443,1,3577
6444,1,3575
6445,1,3570
6446,1,3563
6447,1,3554
6448,1,3552
6449,1,3550
6450,1,3548
6451,1,3546
6452,1,3545
6453,1,3544
6454,1,3536
6455,1,3535
6456,1,3534
6457,1,3532
6458,1,3530
6459,1,3527
6460,1,3526
6461,1,3524
6462,1,3523
6463,1,3522
6464,1,3520
6465,1,3519
6466,1,3516
6467,1,3514
6468,1,3513
6469,1,3512
6470,1,3510
6471,1,3508
6472,1,3506
6473,1,3504
6474,1,3503
6475,1,3501
6476,1,3499
6477,1,3498
6478,1,3497
6479,1,3496
6480,1,3495
6481,1,3494
6482,1,3492
6483,1,3490
6484,1,3489
6485,1,3487
6486,1,3485
6487,1,3484
6488,1,3483
6489,1,3481
6490,1,3480
6491,1,3479
6492,1,3478
6493,1,3476
6494,1,3475
6495,1,3471
6496,1,3470
6497,1,3469
6498,1,3468
6499,1,3467
6500,1,3465
6501,1,3464
6502,1,3463
6503,1,3462
6504,1,3461
6505,1,3460
6506,1,3459
6507,1,3458
6508,1,3457
6509,1,3454
6510,1,3453
6511,1,3450
6512,1,3449
6513,1,3448
6514,1,3447
6515,1,3446
6516,1,3445
6517,1,3444
6518,1,3441
6519,1,3435
6520,1,3434
6521,1,3432
6522,1,3431
6523,1,3428
6524,1,3425
6525,1,3424
6526,1,3423
6527,1,3422
6528,1,3417
6529,1,3416
6530,1,3414
6531,1,3413
6532,1,3411
6533,1,3409
6534,1,3408
6535,1,3406
6536,1,3405
6537,1,3404
6538,1,3403
6539,1,3402
6540,1,3400
6541,1,3399
6542,1,3398
6543,1,3397
6544,1,3393
6545,1,3392
6546,1,3379
6547,1,3378
6548,1,3377
6549,1,3376
6550,1,3370
6551,1,3369
6552,1,3368
6553,1,3364
6554,1,3362
6555,1,3361
6556,1,3359
6557,1,3353
6558,1,3352
6559,1,3351
6560,1,3348
6561,1,3347
6562,1,3344
6563,1,3343
6564,1,3342
6565,1,3341
6566,1,3337
6567,1,3334
6568,1,3333
6569,1,3331
6570,1,3330
6571,1,3328
6572,1,3327
6573,1,3321
6574,1,3319
6575,1,3312
6576,1,3311
6577,1,3310
6578,1,3309
6579,1,3308
6580,1,3306
6581,1,3305
6582,1,3304
6583,1,3301
6584,1,3300
6585,1,3299
6586,1,3297
6587,1,3295
6588,1,3288
6589,1,3285
6590,1,3284
6591,1,3282
6592,1,3281
6593,1,3280
6594,1,3279
6595,1,3274
6596,1,3273
6597,1,3272
6598,1,3269
6599,1,3268
6600,1,3267
6601,1,3265
6602,1,3264
6603,1,3263
6604,1,3261
6605,1,3259
6606,1,3258
6607,1,3257
6608,1,3255
6609,1,3254
6610,1,3252
6611,1,3246
6612,1,3245
6613,1,3243
6614,1,3233
6615,1,3232
6616,1,3231
6617,1,3230
6618,1,3229
6619,1,3227
6620,1,3226
6621,1,3225
6622,1,3222
6623,1,3218
6624,1,3217
6625,1,3216
6626,1,3215
6627,1,3214
6628,1,3213
6629,1,3208
6630,1,3207
6631,1,3206
6632,1,3205
6633,1,3204
6634,1,3202
6635,1,3201
6636,1,3200
6637,1,3199
6638,1,3198
6639,1,3197
6640,1,3195
6641,1,3192
6642,1,3191
6643,1,3189
6644,1,3184
6645,1,3183
6646,1,3182
6647,1,3181
6648,1,3180
6649,1,3179
6650,1,3177
6651,1,3176
6652,1,3175
6653,1,3170
6654,1,3164
6655,1,3163
6656,1,3162
6657,1,3153
6658,1,3144
6659,1,3142
6660,1,3141
6661,1,3140
6662,1,3139
6663,1,3138
6664,1,3133
6665,1,3131
6666,1,3130
6667,1,3128
6668,1,3127
6669,1,3121
6670,1,3115
6671,1,3114
6672,1,3112
6673,1,3110
6674,1,3107
6675,1,3106
6676,1,3105
6677,1,3104
6678,1,3103
6679,1,3102
6680,1,3101
6681,1,3096
6682,1,3095
6683,1,3091
6684,1,3090
6685,1,3089
6686,1,3088
6687,1,3087
6688,1,3083
6689,1,3082
6690,1,3081
6691,1,3078
6692,1,3076
6693,1,3073
6694,1,3071
6695,1,3066
6696,1,3065
6697,1,3060
6698,1,3059
6699,1,3058
6700,1,3057
6701,1,3055
6702,1,3049
6703,1,3048
6704,1,3047
6705,1,3046
6706,1,3039
6707,1,3038
6708,1,3037
6709,1,3034
6710,1,3033
6711,1,3031
6712,1,3029
6713,1,3028
6714,1,3026
6715,1,3023
6716,1,3022
6717,1,3018
6718,1,3017
6719,1,3009
6720,1,3008
6721,1,2998
6722,1,2997
6723,1,2994
6724,1,2993
6725,1,2991
6726,1,2987
6727,1,2981
6728,1,2973
6729,1,2971
6730,1,2970
6731,1,2969
6732,1,2968
6733,1,2961
6734,1,2956
6735,1,2955
6736,1,2954
6737,1,2948
6738,1,2947
6739,1,2946
6740,1,2945
6741,1,2943
6742,1,2942
6743,1,2941
6744,1,2940
6745,1,2939
6746,1,2937
6747,1,2936
6748,1,2935
6749,1,2934
6750,1,2932
6751,1,2923
6752,1,2913
6753,1,2911
6754,1,2909
6755,1,2908
6756,1,2906
6757,1,2900
6758,1,2898
6759,1,2894
6760,1,2891
6761,1,2890
6762,1,2888
6763,1,2887
6764,1,2884
6765,1,2882
6766,1,2878
6767,1,2877
6768,1,2874
6769,1,2869
6770,1,2866
6771,1,2865
6772,1,2864
6773,1,2863
6774,1,2858
6775,1,2857
6776,1,2855
6777,1,2854
6778,1,2852
6779,1,2851
6780,1,2848
6781,1,2836
6782,1,2835
6783,1,2834
6784,1,2833
6785,1,2831
6786,1,2830
6787,1,2829
6788,1,2828
6789,1,2827
6790,1,2808
6791,1,2806
6792,1,2805
6793,1,2804
6794,1,2803
6795,1,2800
6796,1,2799
6797,1,2797
6798,1,2790
6799,1,2788
6800,1,2787
6801,1,2786
6802,1,2784
6803,1,2782
6804,1,2781
6805,1,2780
6806,1,2779
6807,1,2778
6808,1,2777
6809,1,2776
6810,1,2775
6811,1,2774
6812,1,2772
6813,1,2771
6814,1,2769
6815,1,2768
6816,1,2767
6817,1,2766
6818,1,2764
6819,1,2762
6820,1,2761
6821,1,2759
6822,1,2758
6823,1,2757
6824,1,2755
6825,1,2754
6826,1,2732
6827,1,2730
6828,1,2727
6829,1,2725
6830,1,2719
6831,1,2717
6832,1,2716
6833,1,2714
6834,1,2713
6835,1,2711
6836,1,2710
6837,1,2707
6838,1,2706
6839,1,2705
6840,1,2703
6841,1,2702
6842,1,2692
6843,1,2690
6844,1,2689
6845,1,2685
6846,1,2682
6847,1,2676
6848,1,2675
6849,1,2674
6850,1,2670
6851,1,2669
6852,1,2662
6853,1,2659
6854,1,2657
6855,1,2656
6856,1,2652
6857,1,2650
6858,1,2649
6859,1,2648
6860,1,2646
6861,1,2643
6862,1,2640
6863,1,2639
6864,1,2638
6865,1,2637
6866,1,2635
6867,1,2632
6868,1,2631
6869,1,2630
6870,1,2629
6871,1,2628
6872,1,2624
6873,1,2623
6874,1,2622
6875,1,2620
6876,1,2618
6877,1,2616
6878,1,2615
6879,1,2614
6880,1,2612
6881,1,2611
6882,1,2609
6883,1,2608
6884,1,2605
6885,1,2604
6886,1,2603
6887,1,2598
6888,1,2597
6889,1,2596
6890,1,2595
6891,1,2590
6892,1,2589
6893,1,2588
6894,1,2583
6895,1,2581
6896,1,2578
6897,1,2577
6898,1,2570
6899,1,2563
6900,1,2555
6901,1,2553
6902,1,2552
6903,1,2550
6904,1,2545
6905,1,2544
6906,1,2543
6907,1,2541
6908,1,2540
6909,1,2539
6910,1,2537
6911,1,2536
6912,1,2535
6913,1,2534
6914,1,2533
6915,1,2532
6916,1,2531
6917,1,2528
6918,1,2525
6919,1,2524
6920,1,2519
6921,1,2516
6922,1,2515
6923,1,2510
6924,1,2509
6925,1,2506
6926,1,2504
6927,1,2503
6928,1,2502
6929,1,2499
6930,1,2498
6931,1,2497
6932,1,2496
6933,1,2495
6934,1,2493
6935,1,2492
6936,1,2491
6937,1,2488
6938,1,2487
6939,1,2485
6940,1,2484
6941,1,2482
6942,1,2480
6943,1,2474
6944,1,2473
6945,1,2472
6946,1,2471
6947,1,2466
6948,1,2465
6949,1,2464
6950,1,2463
6951,1,2461
6952,1,2460
6953,1,2459
6954,1,2458
6955,1,2457
6956,1,2456
6957,1,2452
6958,1,2451
6959,1,2450
6960,1,2448
6961,1,2443
6962,1,2442
6963,1,2441
6964,1,2440
6965,1,2435
6966,1,2431
6967,1,2427
6968,1,2425
6969,1,2422
6970,1,2421
6971,1,2419
6972,1,2417
6973,1,2414
6974,1,2412
6975,1,2408
6976,1,2407
6977,1,2405
6978,1,2404
6979,1,2402
6980,1,2401
6981,1,2399
6982,1,2395
6983,1,2393
6984,1,2392
6985,1,2388
6986,1,2387
6987,1,2383
6988,1,2373
6989,1,2371
6990,1,2370
6991,1,2369
6992,1,2366
6993,1,2364
6994,1,2362
6995,1,2360
6996,1,2359
6997,1,2357
6998,1,2353
6999,1,2351
7000,1,2349
7001,1,2345
7002,1,2344
7003,1,2343
7004,1,2341
7005,1,2340
7006,1,2339
7007,1,2338
7008,1,2337
7009,1,2336
7010,1,2331
7011,1,2330
7012,1,2329
7013,1,2327
7014,1,2326
7015,1,2324
7016,1,2321
7017,1,2318
7018,1,2317
7019,1,2315
7020,1,2313
7021,1,2311
7022,1,2310
7023,1,2309
7024,1,2308
7025,1,2307
7026,1,2303
7027,1,2301
7028,1,2299
7029,1,2298
7030,1,2297
7031,1,2296
7032,1,2295
7033,1,2294
7034,1,2293
7035,1,2292
7036,1,2289
7037,1,2288
7038,1,2287
7039,1,2283
7040,1,2282
7041,1,2280
7042,1,2278
7043,1,2275
7044,1,2273
7045,1,2271
7046,1,2270
7047,1,2268
7048,1,2267
7049,1,2264
7050,1,2263
7051,1,2262
7052,1,2253
7053,1,2252
7054,1,2249
7055,1,2248
7056,1,2247
7057,1,2246
7058,1,2245
7059,1,2244
7060,1,2243
7061,1,2242
7062,1,2241
7063,1,2240
7064,1,2238
7065,1,2237
7066,1,2236
7067,1,2235
7068,1,2234
7069,1,2233
7070,1,2232
7071,1,2229
7072,1,2227
7073,1,2226
7074,1,2223
7075,1,2222
7076,1,2219
7077,1,2215
7078,1,2214
7079,1,2213
7080,1,2212
7081,1,2211
7082,1,2210
7083,1,2207
7084,1,2206
7085,1,2205
7086,1,2204
7087,1,2201
7088,1,2199
7089,1,2198
7090,1,2197
7091,1,2196
7092,1,2195
7093,1,2189
7094,1,2188
7095,1,2183
7096,1,2178
7097,1,2174
7098,1,2170
7099,1,2168
7100,1,2167
7101,1,2166
7102,1,2163
7103,1,2162
7104,1,2159
7105,1,2158
7106,1,2156
7107,1,2155
7108,1,2154
7109,1,2153
7110,1,2152
7111,1,2150
7112,1,2149
7113,1,2148
7114,1,2147
7115,1,2146
7116,1,2144
7117,1,2141
7118,1,2139
7119,1,2138
7120,1,2136
7121,1,2135
7122,1,2132
7123,1,2126
7124,1,2121
7125,1,2118
7126,1,2116
7127,1,2114
7128,1,2113
7129,1,2111
7130,1,2108
7131,1,2107
7132,1,2105
7133,1,2099
7134,1,2096
7135,1,2088
7136,1,2087
7137,1,2086
7138,1,2084
7139,1,2081
7140,1,2079
7141,1,2077
7142,1,2076
7143,1,2071
7144,1,2070
7145,1,2068
7146,1,2066
7147,1,2065
7148,1,2064
7149,1,2063
7150,1,2062
7151,1,2061
7152,1,2060
7153,1,2056
7154,1,2050
7155,1,2047
7156,1,2046
7157,1,2045
7158,1,2023
7159,1,2019
7160,1,2016
7161,1,2012
7162,1,2010
7163,1,2008
7164,1,2007
7165,1,2006
7166,1,2002
7167,1,2000
7168,1,1999
7169,1,1998
7170,1,1997
7171,1,1996
7172,1,1994
7173,1,1993
7174,1,1991
7175,1,1990
7176,1,1989
7177,1,1987
7178,1,1986
7179,1,1982
7180,1,1981
7181,1,1980
7182,1,1979
7183,1,1975
7184,1,1972
7185,1,1971
7186,1,1970
7187,1,1966
7188,1,1964
7189,1,1962
7190,1,1961
7191,1,1959
7192,1,1958
7193,1,1957
7194,1,1955
7195,1,1954
7196,1,1953
7197,1,1952
7198,1,1950
7199,1,1949
7200,1,1948
7201,1,1947
7202,1,1946
7203,1,1944
7204,1,1942
7205,1,1939
7206,1,1938
7207,1,1937
7208,1,1936
7209,1,1929
7210,1,1926
7211,1,1923
7212,1,1921
7213,1,1917
7214,1,1915
7215,1,1914
7216,1,1913
7217,1,1912
7218,1,1909
7219,1,1908
7220,1,1906
7221,1,1905
7222,1,1904
7223,1,1899
7224,1,1897
7225,1,1895
7226,1,1894
7227,1,1892
7228,1,1889
7229,1,1886
7230,1,1884
7231,1,1882
7232,1,1881
7233,1,1880
7234,1,1879
7235,1,1877
7236,1,1876
7237,1,1875
7238,1,1874
7239,1,1873
7240,1,1872
7241,1,1871
7242,1,1870
7243,1,1869
7244,1,1867
7245,1,1866
7246,1,1864
7247,1,1858
7248,1,1854
7249,1,1847
7250,1,1841
7251,1,1840
7252,1,1839
7253,1,1838
7254,1,1837
7255,1,1836
7256,1,1835
7257,1,1834
7258,1,1833
7259,1,1829
7260,1,1828
7261,1,1826
7262,1,1825
7263,1,1824
7264,1,1823
7265,1,1822
7266,1,1821
7267,1,1820
7268,1,1819
7269,1,1817
7270,1,1816
7271,1,1815
7272,1,1814
7273,1,1811
7274,1,1810
7275,1,1809
7276,1,1808
7277,1,1807
7278,1,1803
7279,1,1802
7280,1,1800
7281,1,1799
7282,1,1798
7283,1,1795
7284,1,1793
7285,1,1790
7286,1,1788
7287,1,1784
7288,1,1783
7289,1,1782
7290,1,1780
7291,1,1778
7292,1,1775
7293,1,1773
7294,1,1772
7295,1,1771
7296,1,1769
7297,1,1766
7298,1,1764
7299,1,1761
7300,1,1755
7301,1,1754
7302,1,1753
7303,1,1752
7304,1,1750
7305,1,1749
7306,1,1748
7307,1,1744
7308,1,1742
7309,1,1739
7310,1,1736
7311,1,1733
7312,1,1732
7313,1,1731
7314,1,1724
7315,1,1723
7316,1,1722
7317,1,1721
7318,1,1720
7319,1,1719
7320,1,1718
7321,1,1717
7322,1,1716
7323,1,1715
7324,1,1714
7325,1,1711
7326,1,1710
7327,1,1708
7328,1,1707
7329,1,1705
7330,1,1704
7331,1,1703
7332,1,1700
7333,1,1699
7334,1,1694
7335,1,1692
7336,1,1691
7337,1,1688
7338,1,1684
7339,1,1683
7340,1,1682
7341,1,1681
7342,1,1680
7343,1,1678
7344,1,1677
7345,1,1676
7346,1,1675
7347,1,1674
7348,1,1673
7349,1,1670
7350,1,1669
7351,1,1668
7352,1,1667
7353,1,1666
7354,1,1665
7355,1,1663
7356,1,1660
7357,1,1658
7358,1,1656
7359,1,1655
7360,1,1654
7361,1,1650
7362,1,1648
7363,1,1646
7364,1,1645
7365,1,1642
7366,1,1641
7367,1,1638
7368,1,1636
7369,1,1634
7370,1,1633
7371,1,1632
7372,1,1631
7373,1,1629
7374,1,1628
7375,1,1627
7376,1,1620
7377,1,1619
7378,1,1617
7379,1,1614
7380,1,1612
7381,1,1611
7382,1,1610
7383,1,1606
7384,1,1604
7385,1,1601
7386,1,1599
7387,1,1598
7388,1,1597
7389,1,1596
7390,1,1595
7391,1,1594
7392,1,1593
7393,1,1592
7394,1,1591
7395,1,1589
7396,1,1588
7397,1,1587
7398,1,1582
7399,1,1581
7400,1,1580
7401,1,1579
7402,1,1577
7403,1,1573
7404,1,1572
7405,1,1571
7406,1,1570
7407,1,1568
7408,1,1563
7409,1,1559
7410,1,1557
7411,1,1555
7412,1,1554
7413,1,1549
7414,1,1548
7415,1,1547
7416,1,1545
7417,1,1542
7418,1,1541
7419,1,1538
7420,1,1536
7421,1,1533
7422,1,1530
7423,1,1528
7424,1,1527
7425,1,1526
7426,1,1523
7427,1,1521
7428,1,1519
7429,1,1516
7430,1,1514
7431,1,1513
7432,1,1512
7433,1,1511
7434,1,1506
7435,1,1502
7436,1,1499
7437,1,1494
7438,1,1491
7439,1,1490
7440,1,1489
7441,1,1488
7442,1,1487
7443,1,1486
7444,1,1485
7445,1,1483
7446,1,1482
7447,1,1480
7448,1,1479
7449,1,1478
7450,1,1476
7451,1,1474
7452,1,1472
7453,1,1469
7454,1,1468
7455,1,1467
7456,1,1464
7457,1,1461
7458,1,1458
7459,1,1457
7460,1,1456
7461,1,1455
7462,1,1453
7463,1,1452
7464,1,1451
7465,1,1450
7466,1,1449
7467,1,1444
7468,1,1443
7469,1,1442
7470,1,1441
7471,1,1438
7472,1,1436
7473,1,1435
7474,1,1430
7475,1,1426
7476,1,1423
7477,1,1422
7478,1,1419
7479,1,1413
7480,1,1412
7481,1,1410
7482,1,1404
7483,1,1403
7484,1,1402
7485,1,1401
7486,1,1399
7487,1,1398
7488,1,1397
7489,1,1396
7490,1,1395
7491,1,1394
7492,1,1393
7493,1,1392
7494,1,1391
7495,1,1390
7496,1,1388
7497,1,1386
7498,1,1385
7499,1,1383
7500,1,1382
7501,1,1380
7502,1,1379
7503,1,1378
7504,1,1377
7505,1,1375
7506,1,1373
7507,1,1370
7508,1,1369
7509,1,1368
7510,1,1365
7511,1,1364
7512,1,1363
7513,1,1361
7514,1,1359
7515,1,1358
7516,1,1355
7517,1,1354
7518,1,1353
7519,1,1351
7520,1,1349
7521,1,1347
7522,1,1346
7523,1,1344
7524,1,1343
7525,1,1342
7526,1,1341
7527,1,1339
7528,1,1338
7529,1,1336
7530,1,1334
7531,1,1332
7532,1,1331
7533,1,1328
7534,1,1324
7535,1,1320
7536,1,1319
7537,1,1318
7538,1,1315
7539,1,1314
7540,1,1313
7541,1,1312
7542,1,1311
7543,1,1310
7544,1,1309
7545,1,1307
7546,1,1305
7547,1,1304
7548,1,1302
7549,1,1301
7550,1,1297
7551,1,1296
7552,1,1295
7553,1,1293
7554,1,1292
7555,1,1289
7556,1,1287
7557,1,1284
7558,1,1283
7559,1,1282
7560,1,1281
7561,1,1279
7562,1,1277
7563,1,1276
7564,1,1275
7565,1,1273
7566,1,1272
7567,1,1267
7568,1,1266
7569,1,1264
7570,1,1263
7571,1,1262
7572,1,1260
7573,1,1257
7574,1,1256
7575,1,1255
7576,1,1254
7577,1,1253
7578,1,1252
7579,1,1251
7580,1,1250
7581,1,1249
7582,1,1248
7583,1,1247
7584,1,1246
7585,1,1245
7586,1,1244
7587,1,1243
7588,1,1242
7589,1,1241
7590,1,1240
7591,1,1239
7592,1,1235
7593,1,1234
7594,1,1232
7595,1,1229
7596,1,1227
7597,1,1226
7598,1,1225
7599,1,1224
7600,1,1222
7601,1,1214
7602,1,1213
7603,1,1212
7604,1,1211
7605,1,1210
7606,1,1209
7607,1,1208
7608,1,1207
7609,1,1206
7610,1,1205
7611,1,1204
7612,1,1203
7613,1,1200
7614,1,1199
7615,1,1198
7616,1,1195
7617,1,1194
7618,1,1193
7619,1,1192
7620,1,1188
7621,1,1186
7622,1,1185
7623,1,1184
7624,1,1183
7625,1,1182
7626,1,1181
7627,1,1180
7628,1,1178
7629,1,1176
7630,1,1172
7631,1,1171
7632,1,1169
7633,1,1168
7634,1,1167
7635,1,1165
7636,1,1164
7637,1,1155
7638,1,1151
7639,1,1150
7640,1,1148
7641,1,1141
7642,1,1136
7643,1,1135
7644,1,1134
7645,1,1132
7646,1,1131
7647,1,1129
7648,1,1128
7649,1,1127
7650,1,1124
7651,1,1123
7652,1,1122
7653,1,1121
7654,1,1120
7655,1,1119
7656,1,1118
7657,1,1117
7658,1,1116
7659,1,1114
7660,1,1112
7661,1,1111
7662,1,1110
7663,1,1107
7664,1,1103
7665,1,1102
7666,1,1092
7667,1,1090
7668,1,1083
7669,1,1080
7670,1,1079
7671,1,1076
7672,1,1073
7673,1,1072
7674,1,1071
7675,1,1070
7676,1,1069
7677,1,1068
7678,1,1065
7679,1,1064
7680,1,1063
7681,1,1062
7682,1,1061
7683,1,1060
7684,1,1059
7685,1,1058
7686,1,1057
7687,1,1056
7688,1,1053
7689,1,1052
7690,1,1051
7691,1,1050
7692,1,1049
7693,1,1045
7694,1,1044
7695,1,1043
7696,1,1042
7697,1,1041
7698,1,1040
7699,1,1039
7700,1,1038
7701,1,1037
7702,1,1034
7703,1,1033
7704,1,1032
7705,1,1031
7706,1,1030
7707,1,1029
7708,1,1028
7709,1,1027
7710,1,1026
7711,1,1025
7712,1,1024
7713,1,1021
7714,1,1019
7715,1,1017
7716,1,1016
7717,1,1015
7718,1,1014
7719,1,1013
7720,1,1012
7721,1,1011
7722,1,1010
7723,1,1009
7724,1,1008
7725,1,1007
7726,1,1005
7727,1,998
7728,1,997
7729,1,994
7730,1,993
7731,1,990
7732,1,989
7733,1,988
7734,1,986
7735,1,985
7736,1,984
7737,1,983
7738,1,982
7739,1,981
7740,1,980
7741,1,978
7742,1,977
7743,1,975
7744,1,974
7745,1,972
7746,1,971
7747,1,969
7748,1,968
7749,1,967
7750,1,966
7751,1,965
7752,1,962
7753,1,961
7754,1,958
7755,1,957
7756,1,955
7757,1,954
7758,1,952
7759,1,951
7760,1,950
7761,1,949
7762,1,948
7763,1,946
7764,1,941
7765,1,940
7766,1,939
7767,1,938
7768,1,936
7769,1,934
7770,1,932
7771,1,930
7772,1,928
7773,1,927
7774,1,926
7775,1,925
7776,1,923
7777,1,922
7778,1,921
7779,1,920
7780,1,918
7781,1,916
7782,1,915
7783,1,912
7784,1,911
7785,1,910
7786,1,908
7787,1,907
7788,1,906
7789,1,905
7790,1,904
7791,1,902
7792,1,901
7793,1,899
7794,1,898
7795,1,897
7796,1,895
7797,1,892
7798,1,891
7799,1,890
7800,1,889
7801,1,888
7802,1,887
7803,1,886
7804,1,884
7805,1,883
7806,1,881
7807,1,879
7808,1,877
7809,1,875
7810,1,874
7811,1,871
7812,1,868
7813,1,867
7814,1,865
7815,1,864
7816,1,863
7817,1,862
7818,1,861
7819,1,860
7820,1,858
7821,1,856
7822,1,855
7823,1,849
7824,1,848
7825,1,847
7826,1,846
7827,1,842
7828,1,841
7829,1,838
7830,1,837
7831,1,836
7832,1,835
7833,1,834
7834,1,832
7835,1,831
7836,1,830
7837,1,827
7838,1,825
7839,1,823
7840,1,822
7841,1,821
7842,1,816
7843,1,814
7844,1,813
7845,1,812
7846,1,809
7847,1,807
7848,1,806
7849,1,804
7850,1,803
7851,1,802
7852,1,798
7853,1,797
7854,1,796
7855,1,795
7856,1,791
7857,1,786
7858,1,783
7859,1,781
7860,1,780
7861,1,776
7862,1,773
7863,1,771
7864,1,770
7865,1,764
7866,1,762
7867,1,759
7868,1,752
7869,1,751
7870,1,748
7871,1,747
7872,1,745
7873,1,743
7874,1,735
7875,1,734
7876,1,731
7877,1,730
7878,1,729
7879,1,727
7880,1,722
7881,1,719
7882,1,718
7883,1,716
7884,1,714
7885,1,708
7886,1,707
7887,1,703
7888,1,701
7889,1,699
7890,1,696
7891,1,695
7892,1,691
7893,1,690
7894,1,689
7895,1,684
7896,1,683
7897,1,681
7898,1,680
7899,1,678
7900,1,671
7901,1,670
7902,1,668
7903,1,666
7904,1,660
7905,1,655
7906,1,653
7907,1,651
7908,1,650
7909,1,649
7910,1,648
7911,1,647
7912,1,646
7913,1,643
7914,1,642
7915,1,637
7916,1,634
7917,1,630
7918,1,626
7919,1,625
7920,1,624
7921,1,621
7922,1,619
7923,1,618
7924,1,617
7925,1,615
7926,1,614
7927,1,611
7928,1,599
7929,1,595
7930,1,594
7931,1,593
7932,1,592
7933,1,589
7934,1,587
7935,1,586
7936,1,580
7937,1,574
7938,1,569
7939,1,568
7940,1,567
7941,1,565
7942,1,564
7943,1,556
7944,1,554
7945,1,551
7946,1,548
7947,1,547
7948,1,544
7949,1,541
7950,1,537
7951,1,535
7952,1,534
7953,1,531
7954,1,530
7955,1,529
7956,1,528
7957,1,526
7958,1,525
7959,1,524
7960,1,523
7961,1,521
7962,1,520
7963,1,516
7964,1,514
7965,1,513
7966,1,508
7967,1,507
7968,1,506
7969,1,502
7970,1,501
7971,1,500
7972,1,499
7973,1,498
7974,1,497
7975,1,495
7976,1,492
7977,1,491
7978,1,489
7979,1,488
7980,1,487
7981,1,481
7982,1,480
7983,1,479
7984,1,478
7985,1,477
7986,1,476
7987,1,473
7988,1,472
7989,1,470
7990,1,468
7991,1,467
7992,1,466
7993,1,459
7994,1,457
7995,1,454
7996,1,452
7997,1,451
7998,1,450
7999,1,448
8000,1,446
8001,1,442
8002,1,438
8003,1,436
8004,1,432
8005,1,429
8006,1,428
8007,1,427
8008,1,426
8009,1,423
8010,1,422
8011,1,421
8012,1,420
8013,1,417
8014,1,415
8015,1,412
8016,1,411
8017,1,410
8018,1,408
8019,1,407
8020,1,405
8021,1,404
8022,1,403
8023,1,401
8024,1,400
8025,1,399
8026,1,398
8027,1,397
8028,1,393
8029,1,392
8030,1,391
8031,1,388
8032,1,381
8033,1,378
8034,1,375
8035,1,374
8036,1,372
8037,1,370
8038,1,368
8039,1,366
8040,1,364
8041,1,360
8042,1,356
8043,1,353
8044,1,350
8045,1,348
8046,1,346
8047,1,345
8048,1,343
8049,1,339
8050,1,338
8051,1,337
8052,1,336
8053,1,335
8054,1,333
8055,1,332
8056,1,328
8057,1,327
8058,1,324
8059,1,323
8060,1,321
8061,1,320
8062,1,318
8063,1,317
8064,1,313
8065,1,303
8066,1,302
8067,1,289
8068,1,288
8069,1,283
8070,1,281
8071,1,276
8072,1,275
8073,1,273
8074,1,271
8075,1,269
8076,1,266
8077,1,265
8078,1,264
8079,1,262
8080,1,261
8081,1,260
8082,1,259
8083,1,257
8084,1,256
8085,1,251
8086,1,246
8087,1,245
8088,1,244
8089,1,243
8090,1,236
8091,1,233
8092,1,225
8093,1,222
8094,1,216
8095,1,213
8096,1,211
8097,1,210
8098,1,208
8099,1,204
8100,1,203
8101,1,197
8102,1,196
8103,1,195
8104,1,194
8105,1,190
8106,1,189
8107,1,184
8108,1,180
8109,1,178
8110,1,175
8111,1,170
8112,1,164
8113,1,161
8114,1,157
8115,1,155
8116,1,153
8117,1,151
8118,1,145
8119,1,144
8120,1,140
8121,1,138
8122,1,135
8123,1,131
8124,1,130
8125,1,124
8126,1,123
8127,1,121
8128,1,119
8129,1,116
8130,1,115
8131,1,112
8132,1,106
8133,1,104
8134,1,103
8135,1,101
8136,1,97
8137,1,96
8138,1,95
8139,1,93
8140,1,91
8141,1,90
8142,1,88
8143,1,86
8144,1,85
8145,1,84
8146,1,83
8147,1,81
8148,1,80
8149,1,77
8150,1,76
8151,1,75
8152,1,74
8153,1,71
8154,1,70
8155,1,68
8156,1,67
8157,1,66
8158,1,65
8159,1,64
8160,1,60
8161,1,58
8162,1,57
8163,1,56
8164,1,55
8165,1,53
8166,1,52
8167,1,49
8168,1,48
8169,1,46
8170,1,45
8171,1,44
8172,1,43
8173,1,42
8174,1,41
8175,1,40
8176,1,39
8177,1,37
8178,1,35
8179,1,34
8180,1,32
8181,1,31
8182,1,29
8183,1,27
8184,1,26
8185,1,25
8186,1,21
8187,1,19
8188,1,13
8189,1,11
8190,1,10
8191,1,9
8192,1,8
8193,1,6
8194,1,5
8195,1,2
